ID,Music,Slow.songs.or.fast.songs,Dance,Folk,Country,Classical.music,Musical,Pop,Rock,Metal.or.Hardrock,Punk,Hiphop..Rap,Reggae..Ska,Swing..Jazz,Rock.n.roll,Alternative,Latino,Techno..Trance,Opera,Education
1,5,3,2,1,2,2,1,5,5,1,1,1,1,1,3,1,1,1,1,college/bachelor degree
2,4,4,2,1,1,1,2,3,5,4,4,1,3,1,4,4,2,1,1,college/bachelor degree
3,5,5,2,2,3,4,5,3,5,3,4,1,4,3,5,5,5,1,3,secondary school
4,5,3,2,1,1,1,1,2,2,1,4,2,2,1,2,5,1,2,1,college/bachelor degree
5,5,3,4,3,2,4,3,5,3,1,2,5,3,2,1,2,4,2,2,secondary school
6,5,3,2,3,2,3,3,2,5,5,3,4,3,4,4,5,3,1,3,secondary school
7,5,5,5,3,1,2,2,5,3,1,1,3,1,1,2,3,3,5,2,secondary school
8,5,3,3,2,1,2,2,4,5,1,2,3,2,2,3,1,2,3,2,college/bachelor degree
9,5,3,3,1,1,2,4,3,5,5,1,1,2,2,2,NA,1,1,1,secondary school
10,5,3,2,5,2,2,5,3,5,2,3,2,4,4,4,4,5,1,2,secondary school
11,5,3,3,2,1,2,3,4,3,2,1,3,2,2,3,3,3,4,2,secondary school
12,5,3,1,1,1,4,1,2,5,1,1,1,1,2,2,5,2,1,2,primary school
13,5,3,1,2,1,4,3,3,5,4,2,3,1,1,4,3,2,1,2,college/bachelor degree
14,5,3,5,3,2,1,5,5,2,1,1,2,1,3,2,1,3,1,1,secondary school
15,5,3,2,1,1,2,3,4,5,2,5,3,4,4,4,4,1,1,1,college/bachelor degree
16,1,3,2,2,3,4,3,3,5,5,5,2,4,2,3,3,2,1,2,secondary school
17,5,3,3,1,1,1,2,4,4,1,3,2,3,2,3,1,1,4,1,college/bachelor degree
18,5,3,3,3,3,2,2,4,4,2,3,3,4,3,3,1,2,1,3,secondary school
19,5,3,5,4,3,4,5,5,4,4,3,4,4,4,4,4,4,4,3,secondary school
20,5,4,3,3,2,4,2,2,4,5,2,1,4,5,4,3,4,3,2,secondary school
21,5,3,3,2,3,4,3,2,5,5,4,4,3,5,4,5,3,3,4,secondary school
22,5,5,1,1,3,2,2,2,5,5,4,1,2,1,4,3,2,1,2,secondary school
23,5,3,3,2,3,3,3,4,NA,1,2,2,1,1,3,2,3,3,2,college/bachelor degree
24,5,3,4,2,2,2,4,4,5,2,3,3,3,3,3,1,4,1,1,secondary school
25,5,2,3,1,1,4,3,3,5,5,5,1,1,1,2,3,2,3,4,secondary school
26,5,3,4,2,1,2,3,5,1,1,1,3,1,2,1,1,4,2,1,secondary school
27,5,5,5,5,4,5,3,4,4,3,2,2,1,3,5,3,5,2,2,college/bachelor degree
28,4,5,3,4,1,3,2,2,4,2,4,2,4,2,3,4,3,4,2,secondary school
29,5,3,5,1,1,1,1,3,4,1,3,5,2,1,4,3,2,3,1,secondary school
30,5,4,3,4,2,3,3,3,4,1,3,3,4,3,4,3,4,3,2,secondary school
31,4,3,4,3,3,3,3,4,4,2,2,4,3,4,3,3,3,3,3,secondary school
32,4,3,4,1,3,2,3,5,3,1,1,3,3,2,1,1,5,1,2,secondary school
33,5,5,3,1,3,2,3,3,4,3,4,4,2,2,4,4,2,3,1,secondary school
34,5,4,2,2,3,4,5,4,3,1,1,1,3,4,4,3,2,1,5,masters degree
35,5,4,3,2,1,3,4,4,5,3,4,2,3,3,4,4,2,1,1,college/bachelor degree
36,5,3,3,3,1,4,5,5,3,1,1,4,3,1,3,3,5,1,1,secondary school
37,5,3,1,3,2,3,4,4,4,1,1,1,1,1,1,1,1,1,4,secondary school
38,5,5,1,1,1,5,1,2,3,5,2,1,2,2,2,1,1,1,1,secondary school
39,5,5,5,3,1,5,2,5,4,1,2,4,5,2,2,1,3,4,4,secondary school
40,5,3,3,3,2,2,3,5,5,4,4,1,2,1,5,2,1,2,2,secondary school
41,4,3,4,1,1,1,1,5,1,1,1,3,2,1,1,1,2,3,1,secondary school
42,5,4,5,5,5,5,1,1,4,5,1,5,5,5,5,5,5,5,1,college/bachelor degree
43,5,5,2,2,2,3,4,5,5,4,4,3,3,3,3,4,3,3,1,secondary school
44,5,4,3,1,1,2,2,5,4,1,2,3,2,2,2,4,3,3,1,college/bachelor degree
45,4,4,4,2,1,3,3,4,4,1,1,3,1,3,3,4,5,4,3,masters degree
46,5,4,5,2,2,4,3,5,4,1,2,3,3,3,5,1,4,3,4,masters degree
47,5,3,4,3,4,1,5,5,5,3,2,5,2,3,5,4,5,2,2,college/bachelor degree
48,5,3,3,1,1,2,3,4,4,2,2,1,3,3,NA,4,3,2,3,secondary school
49,5,4,3,1,1,1,4,3,2,1,2,5,5,2,2,2,4,2,1,secondary school
50,5,4,2,1,2,2,2,3,5,3,5,3,2,2,4,2,1,2,1,primary school
51,4,3,2,4,2,5,5,5,5,2,4,4,4,3,4,4,5,1,2,college/bachelor degree
52,5,3,3,3,1,4,3,5,4,3,2,2,4,4,4,3,5,3,2,secondary school
53,5,3,5,5,5,5,5,5,5,4,2,5,5,5,5,2,5,2,5,secondary school
54,5,3,4,4,3,4,5,4,3,2,2,3,3,3,3,3,5,2,5,secondary school
55,5,3,5,5,3,5,5,5,5,4,3,3,3,4,4,3,5,4,5,college/bachelor degree
56,5,3,4,2,2,4,3,4,3,3,2,4,3,3,4,4,4,5,3,college/bachelor degree
57,5,3,1,2,3,4,3,4,5,1,4,2,3,4,5,5,1,1,4,secondary school
58,5,3,3,3,2,3,2,2,5,2,2,2,2,4,5,5,1,1,2,secondary school
59,5,5,5,3,2,3,2,5,1,1,1,2,2,1,2,2,3,3,1,secondary school
60,5,4,2,1,2,3,1,3,4,3,5,3,3,4,5,5,1,4,3,college/bachelor degree
61,5,2,2,2,2,4,4,4,4,1,3,2,3,3,4,4,2,1,3,college/bachelor degree
62,5,3,5,1,2,4,3,4,4,1,2,3,2,3,3,3,4,4,3,secondary school
63,5,3,5,4,5,4,4,5,4,5,4,5,4,5,5,5,4,5,5,secondary school
64,5,4,NA,1,3,2,1,2,3,1,NA,5,4,3,3,1,3,5,1,college/bachelor degree
65,5,3,3,1,1,1,4,4,5,1,3,2,1,2,2,1,3,2,2,primary school
66,4,3,3,1,2,2,1,3,3,3,2,4,2,2,2,1,2,4,2,primary school
67,4,3,4,2,2,2,4,5,3,4,3,3,3,3,2,2,4,5,1,secondary school
68,3,4,4,3,2,2,4,5,1,1,1,4,3,4,4,1,5,1,1,college/bachelor degree
69,5,5,3,2,1,2,4,3,5,5,5,1,5,4,4,3,2,4,2,college/bachelor degree
70,5,4,1,1,1,1,4,5,4,1,1,1,1,1,2,1,4,1,2,secondary school
71,5,3,5,2,2,2,3,5,3,1,1,5,2,3,1,1,2,3,1,secondary school
72,4,3,2,3,1,4,1,4,1,1,1,4,4,1,2,3,1,3,1,secondary school
73,5,3,2,2,2,2,5,5,5,2,4,4,2,2,3,3,5,1,1,secondary school
74,5,3,3,2,2,2,1,5,2,1,2,5,2,2,2,2,4,3,1,secondary school
75,5,3,2,1,4,5,3,2,1,1,1,5,4,1,1,1,1,2,4,masters degree
76,5,3,3,4,4,3,1,1,5,4,4,3,5,4,5,4,4,1,2,secondary school
77,4,4,4,1,1,2,2,2,2,1,NA,4,1,1,2,1,1,1,1,secondary school
78,5,3,5,1,2,2,2,5,4,2,1,4,2,2,2,2,5,5,1,secondary school
79,4,4,4,2,4,1,5,5,3,1,1,4,5,5,5,3,5,4,2,college/bachelor degree
80,5,3,4,4,4,3,4,5,5,2,2,5,3,3,3,3,4,4,4,secondary school
81,5,3,4,2,2,2,3,4,5,2,3,4,4,3,4,2,5,3,2,secondary school
82,5,4,4,1,2,3,3,5,4,2,3,4,4,3,4,3,5,3,3,secondary school
83,5,5,1,3,1,3,2,1,5,5,4,1,1,2,2,5,1,1,3,secondary school
84,5,3,5,1,2,4,4,5,5,3,1,3,2,4,3,1,5,5,3,secondary school
85,5,3,1,1,4,5,5,1,5,5,5,4,4,5,5,4,3,1,5,secondary school
86,5,2,3,3,5,5,3,3,4,4,1,1,1,2,3,3,2,4,3,college/bachelor degree
87,4,3,4,3,3,3,2,4,5,3,3,4,3,3,3,3,2,3,3,masters degree
88,5,4,4,1,2,2,4,4,5,2,4,3,5,3,4,4,5,2,1,college/bachelor degree
89,5,5,5,1,1,5,2,5,5,1,1,1,1,5,5,4,5,5,1,secondary school
90,5,3,3,2,1,4,3,3,5,3,3,1,2,4,4,4,2,1,3,masters degree
91,4,2,3,2,1,3,4,3,4,1,3,1,3,1,2,3,1,1,1,secondary school
92,5,5,1,5,1,NA,5,3,5,5,5,1,5,1,3,1,1,1,1,secondary school
93,5,2,1,3,4,4,4,2,3,1,2,1,3,5,4,3,3,1,4,college/bachelor degree
94,5,4,1,5,5,4,4,4,3,3,3,1,1,5,4,1,1,1,4,masters degree
95,5,5,5,1,1,1,2,4,3,1,3,5,2,1,3,3,1,4,1,secondary school
96,5,3,3,2,2,4,3,3,3,1,2,5,5,4,4,2,3,2,2,college/bachelor degree
97,5,3,1,1,1,1,1,2,4,5,4,3,1,1,1,4,1,4,1,college/bachelor degree
98,5,3,2,1,1,1,1,2,1,1,1,5,2,2,1,1,1,2,1,primary school
99,3,5,5,1,1,1,1,3,5,2,1,1,3,2,2,5,5,3,1,secondary school
100,5,3,4,1,1,2,2,4,2,1,3,2,4,1,2,1,4,1,1,secondary school
101,5,4,4,3,2,4,5,4,5,3,2,4,4,3,3,2,3,2,2,secondary school
102,5,3,1,3,2,3,1,2,4,5,4,1,4,3,3,3,1,1,2,secondary school
103,5,3,1,2,3,5,4,1,5,2,5,1,4,5,5,5,2,1,4,secondary school
104,5,5,5,2,2,NA,4,5,1,1,1,5,5,4,3,2,5,4,4,secondary school
105,4,4,3,3,2,4,2,2,4,4,3,3,3,4,4,4,3,3,2,secondary school
106,5,5,1,3,1,3,2,2,4,5,1,1,2,3,1,1,1,1,2,college/bachelor degree
107,5,3,4,4,5,5,3,4,5,1,2,4,4,4,5,3,5,3,4,secondary school
108,5,3,1,1,1,2,2,2,4,4,1,1,3,4,2,4,2,1,NA,secondary school
109,4,3,2,2,1,4,1,2,4,4,3,2,1,1,2,3,2,2,3,primary school
110,5,2,2,2,4,4,2,3,5,5,3,2,2,2,3,1,3,1,4,secondary school
111,5,4,4,5,2,3,1,4,4,1,1,1,4,5,4,4,4,4,1,college/bachelor degree
112,5,3,4,3,2,5,3,3,4,2,2,3,3,4,4,5,2,4,4,college/bachelor degree
113,5,3,4,2,2,4,3,3,3,2,2,1,3,4,2,3,5,4,1,secondary school
114,3,4,4,2,3,1,2,4,4,2,1,NA,1,1,2,2,2,5,1,college/bachelor degree
115,5,3,2,1,1,3,4,4,4,1,3,2,2,2,3,3,1,1,4,secondary school
116,5,4,5,2,2,5,4,5,5,2,2,3,3,3,2,3,5,3,2,secondary school
117,5,3,2,2,2,2,1,3,5,1,2,1,1,2,4,5,2,1,1,college/bachelor degree
118,5,3,2,2,1,1,3,5,3,2,1,1,1,1,2,1,4,1,1,secondary school
119,5,3,1,2,2,4,1,3,4,2,4,2,4,4,4,4,2,1,1,college/bachelor degree
120,4,2,4,2,1,3,2,4,2,2,1,2,2,2,2,1,2,3,2,secondary school
121,5,5,4,1,2,4,4,2,5,5,2,1,3,5,5,3,4,3,2,college/bachelor degree
122,4,3,2,3,4,2,1,4,4,2,2,4,2,2,4,1,1,3,1,secondary school
123,5,3,3,2,2,5,3,1,5,2,4,1,3,4,4,5,3,1,3,masters degree
124,5,3,3,3,3,3,4,3,5,3,1,3,1,5,5,3,3,1,3,secondary school
125,4,4,1,4,NA,5,5,3,5,3,3,1,2,4,5,2,3,1,3,secondary school
126,5,3,3,3,2,3,2,2,4,3,3,2,4,5,3,4,3,2,2,secondary school
127,3,5,4,1,1,3,1,4,4,1,4,4,1,1,1,2,1,1,1,secondary school
128,4,3,3,3,4,4,3,4,4,3,3,3,4,3,4,4,2,3,3,primary school
129,5,5,5,1,5,5,5,5,5,5,1,2,3,1,5,5,5,5,2,primary school
130,5,4,5,3,1,2,2,4,5,2,2,2,3,4,3,4,3,1,1,secondary school
131,4,2,2,1,1,4,2,2,5,3,3,1,2,2,3,1,3,3,2,secondary school
132,5,4,3,1,1,2,2,4,2,1,2,5,2,1,1,1,1,3,1,primary school
133,5,4,3,1,1,1,1,4,4,1,5,2,4,3,2,2,2,1,1,primary school
134,5,3,2,4,1,4,2,1,3,1,1,1,2,5,1,1,3,1,3,college/bachelor degree
135,5,3,4,3,3,3,3,3,3,1,1,4,4,4,4,4,4,4,2,secondary school
136,5,3,2,1,3,5,1,3,5,4,4,3,5,4,4,5,1,1,3,secondary school
137,5,3,4,3,2,3,2,4,3,1,1,5,1,1,1,1,1,1,3,secondary school
138,5,3,4,3,3,5,5,5,4,2,2,4,3,5,4,3,4,2,2,primary school
139,5,3,2,3,3,4,5,2,1,1,1,3,3,4,4,2,3,1,2,secondary school
140,5,4,5,3,2,3,3,5,4,1,2,5,3,4,4,1,2,3,2,college/bachelor degree
141,5,4,3,2,1,2,3,4,4,2,2,2,2,5,3,2,4,3,2,college/bachelor degree
142,3,4,1,3,1,3,1,3,5,5,4,4,3,1,1,5,5,2,1,primary school
143,5,4,4,1,3,2,2,4,4,1,1,3,2,1,1,2,3,2,1,primary school
144,5,4,4,2,1,1,2,4,4,2,3,5,4,1,1,3,3,3,1,secondary school
145,5,2,3,1,2,3,2,NA,5,1,3,2,2,2,4,3,4,4,2,secondary school
146,1,4,4,1,1,2,2,2,4,1,1,1,2,1,1,3,2,3,2,secondary school
147,5,3,5,2,1,4,1,5,4,3,4,5,1,1,1,1,2,NA,1,secondary school
148,5,4,3,2,3,2,2,3,5,4,3,5,2,2,2,4,2,1,1,secondary school
149,4,3,4,4,4,3,3,5,3,2,3,4,3,2,4,3,3,3,2,secondary school
150,2,3,1,3,1,3,4,1,2,2,2,3,2,1,1,1,1,1,2,college/bachelor degree
151,5,2,2,2,3,4,4,3,5,5,3,1,2,4,4,3,1,1,4,secondary school
152,5,4,3,1,1,3,2,2,4,4,4,2,5,4,4,4,2,2,1,secondary school
153,5,3,5,2,2,3,3,4,4,2,1,4,3,3,4,3,2,2,2,college/bachelor degree
154,2,5,5,2,2,3,2,4,2,1,2,4,1,4,2,1,3,3,3,college/bachelor degree
155,5,3,1,2,4,5,1,1,5,4,4,2,2,3,3,3,2,1,3,college/bachelor degree
156,5,4,4,3,3,5,2,3,3,2,3,3,2,4,3,4,2,2,3,secondary school
157,5,4,2,4,3,4,2,3,5,2,5,3,5,2,3,3,2,1,2,doctorate degree
158,5,5,4,4,4,2,2,4,4,4,4,2,2,2,1,2,1,1,2,masters degree
159,5,3,4,2,1,3,2,5,4,1,3,4,5,4,3,3,2,5,1,currently a primary school pupil
160,5,3,4,4,3,5,4,4,5,3,3,3,4,3,3,4,3,3,3,secondary school
161,5,3,3,2,1,2,1,1,5,4,5,3,5,4,4,5,1,3,1,secondary school
162,5,3,2,2,2,2,2,4,5,3,3,4,3,2,3,2,2,3,2,secondary school
163,4,2,3,5,4,5,2,4,3,1,1,5,4,3,2,1,5,1,3,college/bachelor degree
164,5,5,3,1,1,2,1,4,3,2,1,1,1,1,1,3,1,5,1,secondary school
165,5,4,4,2,1,3,2,4,NA,1,3,2,2,4,4,5,2,3,2,secondary school
166,5,4,5,2,4,3,1,4,1,1,1,5,3,3,2,1,5,2,1,college/bachelor degree
167,5,5,1,2,1,3,1,1,3,5,2,1,1,1,1,2,2,1,5,secondary school
168,3,3,3,2,2,NA,2,3,4,3,4,4,4,3,3,3,3,3,2,primary school
169,5,4,4,1,2,4,3,4,4,1,3,3,3,3,4,2,1,1,1,secondary school
170,5,3,2,1,2,4,4,3,5,4,3,1,1,3,3,4,1,1,1,secondary school
171,4,3,2,3,2,2,1,3,4,2,2,2,3,5,4,5,4,1,1,secondary school
172,5,4,3,1,2,4,3,4,4,1,1,4,3,3,3,2,1,1,1,secondary school
173,5,3,2,3,3,4,4,2,5,5,5,2,4,4,4,4,2,1,3,secondary school
174,5,3,2,1,2,4,4,3,2,1,1,2,1,2,3,2,1,5,4,secondary school
175,5,2,1,5,3,3,3,1,1,1,1,1,1,1,1,1,3,1,5,secondary school
176,5,3,1,1,1,5,3,3,5,5,2,3,4,4,4,2,4,2,1,primary school
177,5,3,3,NA,1,1,1,3,5,5,3,2,4,3,5,4,1,2,1,college/bachelor degree
178,5,3,1,4,2,4,3,1,5,5,3,1,3,3,3,5,2,1,3,masters degree
179,4,3,1,3,3,5,2,2,4,4,3,1,2,2,4,3,2,1,4,masters degree
180,4,3,1,2,2,5,2,1,1,2,1,1,1,4,1,1,1,4,5,secondary school
181,4,4,2,1,1,3,3,2,5,4,5,2,2,1,4,4,1,1,1,secondary school
182,5,3,4,3,3,4,3,3,4,3,3,4,4,5,3,3,5,3,3,secondary school
183,5,3,4,3,2,4,4,4,5,4,3,2,4,3,2,3,4,1,5,secondary school
184,5,3,3,2,1,2,5,4,3,1,1,5,4,4,3,4,3,4,3,college/bachelor degree
185,5,4,2,2,2,3,4,2,5,1,2,1,1,4,5,5,1,1,2,college/bachelor degree
186,3,3,3,1,1,2,5,3,2,1,1,4,3,3,4,1,5,3,1,secondary school
187,4,2,2,4,2,3,3,4,2,1,1,1,1,3,2,2,3,2,4,masters degree
188,5,3,1,2,2,2,1,4,3,2,2,1,1,2,1,5,1,5,1,college/bachelor degree
189,3,3,3,3,2,5,4,3,3,1,1,3,2,2,2,2,2,1,4,college/bachelor degree
190,5,3,1,3,2,5,3,1,4,5,4,1,1,1,3,2,1,1,4,primary school
191,4,4,2,2,2,4,2,2,4,5,3,2,3,2,3,3,2,2,3,primary school
192,5,3,2,5,2,4,5,5,2,1,1,1,3,4,3,4,3,1,4,masters degree
193,5,1,4,1,2,3,3,5,4,1,3,5,2,1,3,2,3,4,1,secondary school
194,5,3,1,4,3,5,3,1,5,5,4,1,3,3,5,5,1,1,3,masters degree
195,5,4,1,2,1,3,2,2,4,2,4,2,3,1,5,5,1,1,1,secondary school
196,5,3,2,2,2,3,2,2,3,1,1,5,3,3,3,3,2,1,2,secondary school
197,5,3,2,2,2,2,3,4,4,3,3,4,4,3,3,3,3,3,3,secondary school
198,5,3,3,2,3,1,4,2,2,1,1,3,2,2,1,1,3,1,1,college/bachelor degree
199,5,3,3,4,2,2,2,3,5,3,5,5,4,2,5,2,2,2,2,secondary school
200,5,4,4,1,1,1,1,2,3,1,1,4,2,1,1,1,2,4,1,secondary school
201,4,3,3,1,2,4,3,4,4,4,3,5,4,3,4,2,2,2,1,secondary school
202,5,3,2,4,3,3,3,5,5,NA,3,5,5,1,5,5,3,2,1,secondary school
203,5,3,5,1,1,1,1,3,2,1,1,5,3,1,1,1,1,4,1,primary school
204,5,3,4,2,2,3,1,4,5,3,3,3,3,2,2,2,4,3,3,college/bachelor degree
205,5,3,3,3,2,3,3,2,5,4,4,2,5,4,5,4,3,1,2,college/bachelor degree
206,5,1,2,4,3,5,5,4,4,3,1,1,1,4,5,3,4,1,5,secondary school
207,5,3,5,2,2,5,5,3,4,4,3,1,2,4,4,3,1,1,5,college/bachelor degree
208,5,3,2,3,3,4,5,3,3,1,4,2,2,3,4,2,4,1,4,college/bachelor degree
209,5,3,3,2,1,3,2,4,4,1,5,4,5,5,5,3,3,1,2,secondary school
210,5,2,4,3,3,4,3,2,5,4,3,5,4,5,4,2,4,2,2,secondary school
211,5,4,5,5,5,5,1,4,5,4,3,4,4,4,5,3,4,5,1,secondary school
212,5,4,5,1,2,2,5,5,5,1,1,5,4,4,5,2,5,4,1,secondary school
213,5,3,1,3,3,5,1,2,4,2,3,3,2,4,5,5,1,2,5,secondary school
214,5,4,4,2,3,3,4,5,5,2,5,4,2,2,2,4,3,5,2,secondary school
215,4,3,2,2,2,3,3,3,5,4,3,2,2,5,5,4,3,1,2,primary school
216,1,3,2,2,1,1,1,3,1,1,1,5,1,1,1,1,5,1,1,secondary school
217,5,4,1,1,1,1,1,1,4,5,3,2,1,1,3,1,1,2,1,secondary school
218,5,3,4,1,3,2,5,4,3,1,2,3,1,2,4,4,3,2,3,primary school
219,5,4,2,1,3,2,3,4,3,1,1,4,3,1,2,2,1,3,2,primary school
220,5,5,5,1,1,1,2,3,1,1,1,5,2,1,1,1,2,5,1,secondary school
221,5,3,4,3,3,4,2,1,3,1,2,5,4,4,2,5,3,1,3,secondary school
222,5,3,4,5,1,4,3,3,5,5,4,5,5,5,4,4,3,4,3,masters degree
223,5,3,3,2,4,4,3,5,5,3,3,2,1,4,3,3,3,1,1,secondary school
224,5,3,3,3,2,3,1,4,2,2,1,4,3,4,2,2,5,2,2,secondary school
225,5,3,2,2,3,5,4,4,5,3,4,3,3,2,3,5,2,1,2,secondary school
226,5,4,2,3,2,4,4,2,5,2,4,3,4,4,5,5,3,2,2,secondary school
227,5,5,5,5,4,NA,3,4,5,3,3,5,3,2,NA,1,NA,3,1,secondary school
228,5,2,2,4,3,5,3,2,4,3,3,2,3,5,3,4,4,1,3,secondary school
229,4,3,3,5,3,4,2,3,3,1,2,1,2,5,4,4,3,2,3,secondary school
230,4,3,4,2,4,1,1,4,3,1,4,2,5,3,3,2,2,3,3,secondary school
231,5,2,2,5,4,5,5,5,3,1,3,4,3,3,3,3,5,2,3,secondary school
232,5,1,3,2,3,2,2,4,5,3,3,1,2,3,5,1,5,1,1,secondary school
233,5,3,1,2,4,4,1,2,3,2,2,3,4,5,3,1,4,3,1,secondary school
234,4,4,4,2,2,4,3,4,4,4,4,4,4,2,4,3,4,4,1,primary school
235,4,4,4,4,3,2,1,4,5,4,4,2,4,1,3,4,5,1,1,college/bachelor degree
236,5,3,1,1,1,3,3,3,5,4,2,1,1,3,4,2,4,1,2,secondary school
237,1,3,3,3,2,3,5,4,4,3,3,2,4,3,4,2,4,1,1,secondary school
238,5,4,4,2,1,3,3,4,3,1,1,5,4,3,2,2,5,3,2,secondary school
239,5,2,2,1,2,2,3,4,2,1,1,5,3,2,3,2,4,1,1,primary school
240,5,3,4,2,1,5,2,2,4,1,3,3,3,4,4,4,2,2,4,secondary school
241,3,4,2,1,1,1,1,2,3,2,1,2,2,2,2,2,1,2,1,college/bachelor degree
242,5,4,2,1,1,3,5,3,3,1,2,5,3,3,3,3,2,1,4,secondary school
243,3,3,3,2,1,2,5,5,4,1,1,1,1,2,2,1,4,1,3,secondary school
244,NA,3,2,1,2,4,5,5,5,1,4,1,2,4,5,4,3,1,2,secondary school
245,5,3,5,2,4,3,5,5,5,2,3,2,3,3,4,3,5,2,1,secondary school
246,5,3,2,3,3,2,2,3,4,3,4,4,5,4,5,5,3,1,1,primary school
247,5,3,3,2,3,4,1,4,5,2,2,3,4,4,4,1,5,1,4,masters degree
248,5,3,3,2,1,4,5,3,5,2,3,3,4,5,3,5,4,2,1,college/bachelor degree
249,5,3,4,1,1,4,3,4,5,4,3,4,2,2,2,2,2,3,3,secondary school
250,5,3,3,4,4,4,4,5,5,4,4,2,2,4,4,4,5,2,4,secondary school
251,5,3,3,2,1,2,2,4,3,2,2,4,4,2,2,2,4,2,1,secondary school
252,5,5,5,2,2,3,5,5,5,2,4,4,4,3,3,2,4,5,2,secondary school
253,5,2,2,2,3,3,3,4,5,1,2,2,1,3,2,5,4,2,4,secondary school
254,5,3,3,1,2,1,1,3,1,1,1,1,1,1,1,1,1,1,1,primary school
255,5,3,5,3,2,2,5,5,3,1,1,4,2,1,5,2,5,3,2,secondary school
256,5,3,2,5,4,5,5,3,5,4,3,3,3,4,4,4,5,1,4,secondary school
257,5,3,3,4,2,1,2,5,2,1,1,3,2,1,2,1,5,1,1,secondary school
258,5,3,5,3,2,3,3,4,4,3,1,4,2,3,3,3,2,5,2,secondary school
259,5,4,1,2,1,5,1,1,5,5,2,1,1,4,3,5,2,1,1,secondary school
260,2,3,3,3,3,2,2,3,4,2,2,2,1,3,5,2,5,1,5,secondary school
261,3,3,3,3,3,3,3,3,3,3,3,3,3,3,3,3,3,3,3,secondary school
262,5,3,4,2,3,2,2,5,2,1,2,2,1,1,1,1,3,1,1,secondary school
263,5,4,3,4,2,5,4,2,5,2,1,3,3,5,3,5,2,3,4,secondary school
264,5,5,5,2,2,2,4,5,4,2,2,4,3,2,4,3,5,3,2,secondary school
265,3,3,3,3,1,3,3,5,4,3,3,5,4,3,3,3,3,3,3,college/bachelor degree
266,5,3,3,2,1,2,3,5,2,1,1,4,3,3,2,1,1,1,1,secondary school
267,5,3,3,3,2,3,3,4,4,1,1,2,2,4,3,1,4,1,2,secondary school
268,5,3,4,3,4,4,3,2,4,4,4,3,2,2,3,2,3,2,3,masters degree
269,5,3,3,2,1,2,2,5,2,1,1,2,3,3,3,2,5,1,2,college/bachelor degree
270,5,3,3,1,2,4,4,3,5,3,4,1,1,1,3,2,4,2,4,secondary school
271,5,3,3,2,1,1,3,4,5,4,5,5,5,5,5,5,3,2,1,college/bachelor degree
272,5,3,4,3,1,1,1,4,5,5,5,5,5,4,5,4,2,1,1,secondary school
273,5,3,2,4,3,5,3,2,5,5,5,2,5,4,3,5,2,1,5,secondary school
274,5,3,4,2,2,4,4,4,4,2,4,4,4,5,4,4,4,4,3,college/bachelor degree
275,5,4,5,3,3,2,2,4,3,1,1,4,3,2,4,1,3,2,1,secondary school
276,5,3,3,3,4,4,5,3,4,4,3,2,2,4,3,3,5,4,3,college/bachelor degree
277,5,4,5,3,5,2,2,5,5,4,3,1,1,1,4,3,3,1,1,college/bachelor degree
278,5,3,2,1,3,3,1,4,5,3,1,2,2,3,5,1,2,2,2,secondary school
279,5,4,3,5,2,4,3,3,4,2,3,5,5,2,3,5,4,3,3,secondary school
280,5,3,4,2,2,2,1,4,3,1,3,3,3,1,1,1,2,2,1,college/bachelor degree
281,5,3,4,2,1,3,4,2,5,5,3,2,3,2,2,4,5,5,2,secondary school
282,5,3,4,2,3,4,1,2,4,4,5,4,4,5,5,2,5,3,2,secondary school
283,5,3,1,1,2,1,2,3,2,1,1,1,2,1,2,2,3,1,1,secondary school
284,5,3,4,2,3,3,2,4,4,2,4,4,NA,5,3,2,3,3,2,secondary school
285,1,2,1,1,1,1,1,1,1,1,1,1,1,1,1,1,1,1,1,secondary school
286,5,4,3,1,1,3,3,5,5,1,1,3,1,2,1,1,1,1,4,secondary school
287,5,3,3,2,2,4,3,4,4,1,3,5,5,3,3,4,4,1,1,masters degree
288,5,3,3,1,1,3,2,4,4,2,4,4,1,3,3,4,2,3,3,secondary school
289,5,3,5,3,NA,3,1,2,3,2,1,4,4,2,3,1,4,5,1,secondary school
290,5,3,4,2,2,3,4,4,4,2,2,4,1,2,4,1,NA,2,3,college/bachelor degree
291,4,3,4,1,1,2,4,4,4,1,1,4,3,4,4,3,4,1,1,secondary school
292,4,3,3,3,3,3,3,3,5,4,4,3,4,3,4,3,3,2,3,secondary school
293,5,4,5,2,3,2,5,5,4,1,3,3,3,3,3,3,5,2,1,secondary school
294,5,1,2,2,2,4,4,1,5,4,5,1,4,3,3,5,2,1,2,primary school
295,5,3,2,2,1,4,2,3,4,1,4,NA,4,4,3,4,4,1,2,secondary school
296,5,3,3,2,5,3,3,4,5,3,2,2,4,3,5,5,3,1,4,secondary school
297,5,4,5,1,1,1,1,5,3,2,2,2,4,1,3,3,1,5,1,college/bachelor degree
298,5,3,2,1,2,3,2,2,3,2,3,1,3,3,2,4,2,4,2,secondary school
299,5,3,5,2,3,2,2,4,3,1,1,5,4,4,5,1,5,2,1,secondary school
300,5,3,4,1,1,3,4,2,4,1,3,5,5,3,2,2,3,1,2,college/bachelor degree
301,5,2,1,5,2,5,2,2,4,5,3,1,1,3,3,5,1,1,5,secondary school
302,4,2,1,2,1,5,2,1,5,5,1,1,1,2,1,2,1,1,4,college/bachelor degree
303,5,4,5,4,1,2,5,5,5,2,2,5,3,1,4,1,5,1,2,secondary school
304,4,5,2,2,4,2,5,4,5,4,2,4,2,2,3,1,5,1,1,masters degree
305,5,3,2,2,1,4,4,4,4,2,1,2,3,2,2,1,2,1,3,secondary school
306,5,3,3,2,1,2,2,2,5,2,3,2,2,3,4,5,1,1,2,college/bachelor degree
307,5,5,5,3,3,3,3,3,4,2,4,4,5,5,5,5,5,4,1,primary school
308,5,3,1,4,3,2,5,2,5,4,3,1,1,5,5,3,3,1,1,secondary school
309,5,5,5,2,3,3,2,4,3,1,NA,3,1,1,1,2,3,4,1,secondary school
310,5,3,4,2,1,3,3,3,4,1,1,4,1,1,4,2,2,2,1,secondary school
311,5,5,4,1,1,3,2,4,4,2,1,1,2,1,1,1,3,5,3,college/bachelor degree
312,5,4,5,5,2,5,5,5,5,2,2,5,5,5,3,3,5,2,5,college/bachelor degree
313,2,4,2,1,1,2,2,3,4,3,2,3,3,3,3,2,1,2,1,primary school
314,5,4,3,2,2,4,3,4,2,1,1,4,1,3,4,2,4,2,2,secondary school
315,5,4,5,4,5,4,5,5,5,5,5,2,5,5,5,5,5,5,4,secondary school
316,5,3,1,1,1,3,3,5,2,1,1,2,1,1,1,2,2,1,2,secondary school
317,5,3,4,1,1,1,3,3,3,1,2,3,2,1,1,2,2,4,2,secondary school
318,5,3,5,2,2,2,1,3,5,1,2,2,1,2,3,3,4,4,1,secondary school
319,5,3,2,3,4,3,3,3,1,1,3,3,2,4,4,3,3,2,1,currently a primary school pupil
320,5,3,4,3,2,4,5,5,4,1,2,3,3,4,3,4,4,3,2,secondary school
321,5,4,3,2,2,2,2,3,5,4,3,2,3,2,2,5,2,4,1,secondary school
322,5,3,3,2,4,3,4,4,5,2,2,5,2,3,5,3,4,3,1,college/bachelor degree
323,5,3,2,2,1,4,3,2,5,5,5,1,3,3,5,5,3,1,2,primary school
324,5,2,2,1,4,5,4,5,4,1,3,1,1,1,3,1,3,1,5,secondary school
325,5,3,4,2,2,2,2,5,3,2,3,2,3,3,3,3,3,2,2,primary school
326,5,3,4,4,3,3,3,4,4,4,4,5,5,2,4,3,3,4,2,secondary school
327,5,4,3,2,2,3,2,5,4,2,2,2,3,3,3,3,3,3,1,college/bachelor degree
328,5,3,3,2,1,4,4,5,3,1,1,5,4,3,4,2,3,1,2,secondary school
329,5,5,3,3,4,2,1,2,5,4,5,2,4,3,2,5,3,1,1,college/bachelor degree
330,5,3,4,2,3,3,2,4,4,1,2,4,2,2,3,2,2,3,1,primary school
331,5,3,4,2,1,4,3,3,5,3,3,3,2,3,3,4,NA,3,2,secondary school
332,5,5,3,2,3,3,3,2,5,2,2,5,1,5,5,1,2,4,1,secondary school
333,4,3,3,2,3,3,5,3,2,1,1,2,3,1,1,1,5,1,1,secondary school
334,5,2,3,2,3,3,4,5,4,2,2,3,2,3,3,2,3,2,2,secondary school
335,5,2,2,3,3,2,3,2,3,2,2,2,2,4,1,4,4,1,1,masters degree
336,5,5,4,3,2,3,3,4,4,2,2,4,4,4,3,2,2,4,2,primary school
337,5,4,3,1,2,3,2,5,3,1,2,3,3,3,2,3,1,4,2,secondary school
338,5,3,5,1,2,3,2,3,3,1,1,5,2,2,1,2,1,5,3,secondary school
339,5,3,NA,NA,NA,4,3,3,5,2,2,2,1,1,2,1,1,2,2,secondary school
340,5,3,2,2,1,5,3,2,5,5,5,1,3,3,5,5,2,1,3,primary school
341,5,1,1,3,2,5,3,2,3,1,2,3,3,2,2,4,2,1,3,primary school
342,5,4,1,1,1,1,1,2,2,2,2,5,1,1,1,1,1,5,1,primary school
343,5,3,3,2,2,2,4,3,3,1,2,4,4,3,3,3,4,3,2,secondary school
344,5,4,3,5,2,2,5,5,4,2,2,1,2,2,5,2,5,1,2,masters degree
345,5,3,2,4,4,1,2,5,3,1,1,2,1,1,4,3,3,1,1,college/bachelor degree
346,4,3,4,2,1,1,2,4,4,3,4,2,3,2,2,2,2,3,1,secondary school
347,5,4,1,1,1,1,1,3,3,1,1,5,5,1,3,1,2,4,1,primary school
348,5,4,3,2,2,2,2,4,4,4,4,2,2,NA,2,1,1,2,1,primary school
349,5,4,3,5,2,5,5,4,2,1,1,1,2,5,5,3,3,2,5,secondary school
350,5,4,5,2,1,2,3,5,2,1,1,3,2,3,3,1,2,4,1,primary school
351,2,3,4,2,2,1,1,4,4,3,3,2,3,1,1,3,1,2,1,college/bachelor degree
352,5,3,3,2,4,5,3,5,5,2,4,1,4,4,4,5,3,1,3,primary school
353,5,5,2,1,3,2,1,2,5,5,1,1,1,1,5,1,2,1,2,secondary school
354,5,3,3,1,2,3,2,4,2,1,1,4,2,2,3,5,2,1,3,secondary school
355,5,3,3,3,2,4,4,4,4,2,3,3,2,2,2,3,2,3,4,secondary school
356,5,4,2,1,3,1,2,4,3,1,1,5,2,1,2,1,3,2,1,secondary school
357,4,4,3,3,4,4,4,5,5,3,2,4,4,3,4,2,3,2,3,secondary school
358,5,4,3,1,1,2,2,2,4,4,3,5,2,2,1,1,4,3,2,secondary school
359,4,3,5,3,3,2,1,3,5,2,1,3,3,3,4,1,2,2,3,college/bachelor degree
360,5,3,4,2,4,3,2,5,2,1,2,4,4,2,3,1,3,2,3,secondary school
361,5,3,4,1,2,1,3,5,5,1,1,5,5,3,4,3,3,1,2,college/bachelor degree
362,5,1,3,5,5,5,2,2,5,4,2,3,4,5,1,1,1,1,1,college/bachelor degree
363,5,3,2,3,2,4,5,3,5,4,5,2,4,NA,4,3,4,2,4,college/bachelor degree
364,5,3,1,3,2,4,5,3,5,3,5,2,4,1,4,4,4,1,5,college/bachelor degree
365,2,4,4,2,3,3,2,4,5,4,3,3,3,2,4,3,1,2,1,college/bachelor degree
366,5,3,2,2,3,4,2,1,5,4,5,1,5,4,5,5,1,2,4,college/bachelor degree
367,5,2,2,1,2,2,2,4,4,2,2,3,3,1,1,1,1,3,1,college/bachelor degree
368,5,3,3,1,3,4,1,5,5,4,4,1,2,5,5,5,1,3,1,secondary school
369,5,4,5,2,2,3,3,5,3,1,1,3,4,3,3,1,5,NA,3,primary school
370,5,3,5,3,2,1,1,NA,2,4,2,3,2,1,2,3,1,5,1,primary school
371,5,4,3,3,2,4,3,5,5,3,3,4,3,3,3,2,4,1,2,secondary school
372,5,3,5,5,5,5,5,5,5,3,3,2,2,5,5,3,5,2,5,secondary school
373,4,4,2,2,2,2,2,2,4,2,5,1,4,2,3,4,2,4,2,secondary school
374,5,4,2,1,1,1,1,5,3,1,1,2,1,1,1,1,1,1,1,college/bachelor degree
375,5,3,5,2,2,1,2,5,3,1,1,3,3,2,2,1,2,3,1,secondary school
376,5,3,4,2,1,1,3,5,4,2,2,5,2,2,1,1,3,NA,1,secondary school
377,5,5,NA,1,1,1,1,4,1,1,1,5,1,1,1,1,2,1,1,secondary school
378,5,3,2,3,3,4,2,3,5,4,3,1,3,4,4,5,3,1,1,secondary school
379,5,5,5,NA,2,2,4,5,4,1,1,4,5,1,2,2,3,3,1,secondary school
380,5,3,5,4,3,4,5,4,4,2,2,3,3,4,3,2,4,2,4,masters degree
381,5,4,4,3,2,2,3,4,4,1,1,4,2,2,4,2,5,5,1,secondary school
382,5,4,2,2,3,4,3,2,5,3,3,1,1,3,3,3,2,1,4,secondary school
383,5,3,4,3,4,2,2,5,1,1,1,4,2,1,2,2,5,4,1,secondary school
384,5,3,2,2,2,3,4,3,5,3,4,3,3,3,3,5,1,2,3,college/bachelor degree
385,5,4,3,1,1,2,3,3,5,5,3,4,4,4,4,5,2,1,1,secondary school
386,5,3,5,4,4,5,4,4,5,3,3,4,5,5,5,4,5,3,3,college/bachelor degree
387,5,3,3,2,1,2,3,4,5,3,3,5,4,2,3,3,2,4,1,secondary school
388,5,3,5,2,2,2,4,5,2,1,1,5,5,3,3,2,5,2,1,masters degree
389,5,3,3,4,2,4,4,5,4,1,3,4,5,5,4,3,5,3,3,masters degree
390,5,4,3,2,2,3,3,3,2,1,1,2,2,4,3,2,5,1,2,secondary school
391,4,3,1,1,2,3,2,2,2,1,2,2,2,3,3,4,3,3,3,secondary school
392,4,4,3,3,3,3,3,3,3,2,1,3,3,3,3,2,2,1,2,masters degree
393,5,4,4,3,1,3,2,4,3,1,1,5,3,1,2,2,5,2,1,masters degree
394,5,4,1,1,3,1,1,1,3,5,3,2,1,1,2,2,1,1,1,secondary school
395,5,3,3,1,1,2,1,3,4,2,1,1,2,2,3,2,2,1,1,masters degree
396,5,4,3,1,3,1,2,3,4,5,3,3,2,2,4,5,1,5,1,college/bachelor degree
397,5,3,3,4,2,5,4,3,3,1,1,2,3,4,3,1,2,2,5,primary school
398,5,3,3,5,2,2,3,4,1,1,1,4,2,1,2,1,4,1,1,college/bachelor degree
399,5,4,3,3,2,2,2,2,3,3,3,5,5,3,4,3,4,5,2,college/bachelor degree
400,5,4,2,4,1,5,5,4,4,3,4,2,4,3,3,4,2,1,5,secondary school
401,5,3,4,1,2,3,1,4,2,1,1,3,3,2,2,2,1,4,3,secondary school
402,5,3,2,1,3,1,3,2,5,4,1,1,1,1,2,2,3,1,2,secondary school
403,5,3,5,5,1,5,2,4,5,4,1,1,1,1,1,NA,1,3,3,masters degree
404,2,3,2,3,3,3,4,3,4,2,2,2,4,2,4,3,3,1,3,secondary school
405,5,3,4,5,5,5,2,4,5,1,5,3,2,2,5,5,1,5,3,college/bachelor degree
406,4,3,3,3,3,3,3,3,2,1,2,4,2,4,3,3,3,2,3,secondary school
407,5,3,4,5,1,4,5,5,4,1,1,3,3,4,4,1,5,4,4,secondary school
408,5,3,4,2,3,3,3,3,3,1,3,3,3,5,3,2,2,2,2,secondary school
409,5,5,3,4,3,5,5,3,1,1,1,1,1,4,5,3,5,1,5,college/bachelor degree
410,5,4,5,1,5,1,5,4,4,1,3,4,2,3,4,3,2,4,1,currently a primary school pupil
411,5,5,4,2,1,3,1,4,5,1,5,4,1,1,5,3,1,1,1,secondary school
412,5,3,3,2,2,3,4,5,5,1,1,4,2,4,3,1,5,2,2,secondary school
413,5,5,3,1,1,1,1,3,5,5,1,1,1,1,1,1,1,5,1,secondary school
414,5,3,4,3,1,2,2,4,4,4,4,2,2,2,4,2,2,3,2,secondary school
415,5,3,4,3,2,5,3,5,3,2,1,3,2,3,4,4,2,2,2,college/bachelor degree
416,5,3,3,1,1,1,1,5,5,1,2,4,2,1,5,3,3,3,1,secondary school
417,4,2,5,1,1,4,2,4,3,2,2,3,2,2,2,1,3,4,1,secondary school
418,5,5,1,2,1,2,2,1,2,4,5,1,5,1,4,4,1,1,2,secondary school
419,5,1,4,4,2,2,3,5,1,1,1,1,2,1,2,2,4,1,2,primary school
420,5,3,5,2,5,5,5,5,5,1,1,3,3,4,5,5,3,3,5,secondary school
421,5,4,1,1,1,3,1,2,5,3,5,1,3,2,1,1,1,1,3,secondary school
422,5,2,2,3,2,5,5,5,4,1,1,2,2,5,3,2,3,2,3,secondary school
423,5,5,4,1,1,1,4,5,1,1,1,4,2,1,1,1,5,5,3,college/bachelor degree
424,5,2,3,2,1,3,3,5,4,3,3,1,3,3,3,3,3,2,3,masters degree
425,5,5,5,3,3,2,2,3,NA,1,1,5,NA,4,1,1,2,5,1,secondary school
426,5,3,3,1,1,2,3,4,5,3,5,3,4,3,4,5,1,2,3,secondary school
427,5,2,1,1,1,1,1,2,5,4,1,1,3,4,4,4,2,1,1,masters degree
428,5,3,3,3,1,5,1,2,3,1,2,2,3,5,3,5,3,2,4,secondary school
429,5,3,5,3,2,4,5,5,3,2,4,3,2,2,2,1,2,3,3,primary school
430,5,4,2,1,2,3,2,2,5,4,4,2,1,2,3,NA,1,1,2,secondary school
431,5,5,3,3,3,4,2,4,4,2,2,2,4,3,3,3,4,3,2,masters degree
432,4,3,4,1,3,2,3,2,2,1,1,3,3,3,2,2,4,5,4,secondary school
433,5,3,2,2,2,3,1,1,5,4,3,3,3,3,4,5,3,1,1,secondary school
434,5,3,4,4,4,2,4,5,4,3,4,2,2,2,3,5,3,2,2,secondary school
435,5,4,4,1,2,2,3,5,3,1,1,4,3,3,2,1,5,4,1,secondary school
436,5,3,1,1,1,1,2,3,5,5,3,2,1,1,5,3,1,1,1,secondary school
437,4,3,2,2,2,2,1,4,4,2,2,2,3,2,3,2,4,3,2,secondary school
438,5,3,2,1,1,1,2,3,3,1,2,3,1,1,3,1,1,4,1,secondary school
439,5,3,1,1,1,2,3,4,5,4,4,4,3,1,2,1,2,1,2,secondary school
440,5,5,5,2,2,1,1,4,2,1,1,4,2,2,3,3,2,4,1,secondary school
441,5,3,4,1,2,4,3,4,4,1,1,3,3,3,4,3,3,4,1,secondary school
442,5,1,3,2,1,2,2,5,NA,1,3,1,1,1,1,1,5,1,1,college/bachelor degree
443,5,3,4,2,4,3,3,5,4,1,4,3,4,4,4,2,2,2,1,secondary school
444,4,3,2,2,2,4,3,3,3,1,2,3,3,3,3,2,3,3,3,secondary school
445,5,4,3,2,4,2,2,2,3,4,4,2,5,4,5,5,2,4,2,secondary school
446,5,3,4,2,2,2,3,5,3,1,1,4,2,3,2,2,5,1,1,secondary school
447,4,3,4,1,2,2,1,3,3,1,1,4,2,1,2,1,1,4,1,secondary school
448,3,2,1,3,3,3,4,1,1,1,1,1,1,1,1,1,1,1,2,masters degree
449,5,3,4,2,2,2,2,4,4,1,1,4,1,2,4,3,2,3,2,secondary school
450,5,3,3,3,1,2,5,3,4,2,2,2,3,3,5,2,5,1,1,secondary school
451,5,4,4,3,1,5,3,5,3,1,1,2,2,1,1,1,3,1,4,college/bachelor degree
452,5,3,3,2,2,3,1,4,4,1,1,3,2,3,2,2,3,3,1,college/bachelor degree
453,5,3,4,1,1,1,1,5,3,3,3,3,3,2,4,3,1,3,1,masters degree
454,5,4,2,2,1,1,5,3,4,2,2,2,3,3,5,2,5,1,1,secondary school
455,4,4,2,1,1,2,3,4,5,3,4,3,5,4,4,4,2,1,1,secondary school
456,5,3,4,2,1,2,3,5,5,2,5,3,3,2,3,2,2,4,2,secondary school
457,5,5,3,1,1,1,1,3,2,1,4,5,5,1,2,3,1,1,1,secondary school
458,5,4,4,2,1,2,1,4,5,2,3,2,2,2,3,3,2,4,1,secondary school
459,5,NA,5,5,5,5,5,5,1,1,1,5,1,1,5,5,5,5,5,secondary school
460,4,2,2,2,3,3,3,2,3,2,3,1,4,3,3,5,2,3,3,secondary school
461,5,4,3,1,1,1,1,2,4,2,4,5,5,1,1,3,1,1,1,secondary school
462,5,3,2,4,3,3,3,3,3,1,1,1,3,3,3,3,4,2,4,masters degree
463,4,3,3,1,2,3,1,3,5,1,4,3,3,3,3,4,2,3,1,college/bachelor degree
464,5,3,3,1,1,3,3,5,3,1,1,3,3,1,1,5,5,1,1,secondary school
465,5,4,4,3,3,3,2,3,4,1,4,2,3,2,4,2,5,3,2,secondary school
466,5,3,3,2,2,3,4,3,1,1,2,2,4,4,2,3,5,2,2,secondary school
467,5,3,3,1,3,3,3,4,3,1,1,4,1,3,3,1,3,5,1,college/bachelor degree
468,4,2,4,3,2,3,2,3,2,2,1,4,2,1,2,2,2,2,1,secondary school
469,5,3,3,2,4,4,2,4,5,2,2,5,4,4,5,2,2,2,2,secondary school
470,5,5,5,1,1,1,1,4,3,1,3,4,4,2,5,4,1,4,1,secondary school
471,4,3,4,3,1,2,3,5,2,1,1,3,3,2,3,1,3,1,3,secondary school
472,5,3,4,2,2,2,2,3,5,4,5,2,5,3,4,5,2,2,1,secondary school
473,3,3,2,2,4,3,2,4,3,1,2,1,1,1,2,1,1,1,2,masters degree
474,5,2,1,1,1,1,1,2,4,4,3,1,1,1,1,4,1,1,1,masters degree
475,5,3,5,1,1,3,1,5,3,1,1,5,2,1,1,3,1,5,1,secondary school
476,5,3,3,2,5,4,5,3,5,4,4,3,4,3,5,3,4,1,2,secondary school
477,5,3,2,1,1,4,3,4,5,4,3,3,3,5,5,5,5,1,2,secondary school
478,5,3,2,1,1,2,4,2,5,3,3,1,2,3,5,5,2,1,1,secondary school
479,5,4,5,2,3,2,3,4,4,2,2,2,2,2,4,4,2,3,2,masters degree
480,5,3,3,2,2,3,3,3,4,3,4,3,3,4,4,NA,4,2,2,secondary school
481,5,4,5,3,5,3,4,5,4,2,3,4,3,4,5,4,5,4,4,secondary school
482,5,4,4,4,1,5,1,1,2,4,1,1,1,4,4,4,1,5,4,college/bachelor degree
483,3,4,2,1,3,1,1,3,4,2,4,4,4,3,1,1,1,1,1,secondary school
484,5,4,3,2,1,5,3,4,5,3,5,3,2,4,3,1,5,1,1,college/bachelor degree
485,5,3,3,1,2,2,2,4,4,3,3,3,3,NA,2,2,2,2,2,secondary school
486,5,3,4,2,1,2,1,4,5,1,1,1,3,5,4,4,4,1,1,secondary school
487,3,3,4,2,2,2,1,4,2,1,1,3,2,3,3,3,3,2,1,masters degree
488,5,5,5,2,1,1,1,1,1,NA,NA,NA,NA,NA,NA,NA,1,1,1,secondary school
489,5,3,2,4,3,5,4,3,5,3,2,3,3,5,5,4,3,1,4,secondary school
490,5,5,2,2,2,1,1,2,5,1,5,3,5,2,5,5,1,1,1,college/bachelor degree
491,4,3,3,2,2,2,3,3,2,1,1,5,1,1,2,1,5,4,2,primary school
492,5,3,3,2,2,2,2,4,4,2,3,3,2,2,3,1,5,1,2,secondary school
493,5,5,3,3,1,4,4,2,5,2,2,1,2,3,4,5,3,2,2,secondary school
494,5,3,4,1,2,2,1,5,3,1,1,5,2,2,3,3,4,2,1,college/bachelor degree
495,5,3,2,2,1,2,4,2,5,2,2,1,4,5,4,5,2,1,2,secondary school
496,5,3,2,1,2,2,2,3,5,2,4,2,2,1,5,5,2,2,1,secondary school
497,3,2,3,2,4,5,4,3,3,1,1,2,2,2,4,3,4,2,4,college/bachelor degree
498,5,4,3,3,3,4,4,5,5,2,3,1,3,5,5,1,4,1,5,secondary school
499,5,3,3,2,1,3,2,2,4,1,1,1,3,2,3,5,3,1,1,secondary school
500,5,4,2,4,2,3,2,4,4,2,4,1,3,1,3,3,1,3,2,secondary school
501,5,3,3,5,2,4,2,2,4,2,1,1,2,2,4,5,4,4,4,secondary school
502,5,3,4,5,3,4,2,4,4,2,2,2,2,4,4,2,5,2,2,secondary school
503,5,4,4,3,2,4,2,2,5,3,4,3,3,4,5,3,1,3,3,masters degree
504,5,3,2,2,1,5,5,4,4,1,1,1,1,1,2,1,4,5,4,masters degree
505,5,3,5,1,1,2,2,5,1,1,1,5,2,1,2,2,2,1,1,college/bachelor degree
506,5,4,3,4,2,2,2,3,5,3,4,3,3,2,4,4,2,1,1,secondary school
507,5,4,2,1,1,1,1,2,2,3,3,5,1,1,1,2,1,2,1,secondary school
508,5,4,3,4,3,3,4,2,2,1,1,2,5,4,4,4,4,1,2,college/bachelor degree
509,5,3,1,3,5,4,1,3,5,2,NA,1,3,3,5,5,1,1,1,secondary school
510,4,5,4,5,2,3,4,4,1,1,1,4,3,3,1,NA,3,4,1,secondary school
511,5,3,5,3,3,4,4,4,4,3,2,4,4,4,3,3,3,2,4,college/bachelor degree
512,5,3,3,1,2,3,2,3,3,1,1,4,4,4,3,3,2,1,1,secondary school
513,5,1,2,4,1,2,1,1,1,1,1,1,1,2,1,3,NA,4,2,college/bachelor degree
514,5,4,3,1,1,2,3,3,4,5,5,3,2,1,3,3,3,3,1,secondary school
515,5,3,1,5,5,2,2,3,5,1,1,1,2,1,5,3,2,1,2,college/bachelor degree
516,5,4,4,3,3,3,4,4,5,5,3,1,2,3,3,4,2,1,2,secondary school
517,5,5,5,3,1,2,3,5,4,4,3,5,3,2,3,3,2,4,3,secondary school
518,5,3,3,1,1,4,4,4,4,3,3,4,3,1,1,3,4,4,4,secondary school
519,5,4,4,2,2,3,2,5,4,1,2,4,3,3,2,2,5,4,4,secondary school
520,5,4,4,3,1,2,1,1,2,2,1,4,4,2,2,2,2,4,1,primary school
521,5,3,3,1,2,2,2,4,2,1,1,4,4,2,2,2,4,2,1,masters degree
522,5,3,5,5,1,5,4,5,3,2,2,3,3,4,4,2,5,3,3,secondary school
523,5,3,4,2,2,3,3,4,3,1,2,3,3,3,3,3,4,4,3,secondary school
524,5,3,5,2,1,2,1,1,3,1,1,2,3,3,4,2,2,3,1,college/bachelor degree
525,5,3,2,1,2,4,2,2,5,5,5,2,5,NA,3,5,2,1,3,secondary school
526,3,4,3,3,3,3,3,3,5,1,3,3,3,3,3,3,3,1,3,masters degree
527,5,4,3,1,1,2,2,4,4,4,4,5,5,3,4,3,3,1,1,college/bachelor degree
528,4,5,3,1,3,2,3,4,4,1,NA,2,4,4,4,4,4,2,1,masters degree
529,5,4,3,1,1,5,3,5,5,1,2,5,1,3,5,1,1,3,2,secondary school
530,5,2,1,2,2,2,1,3,5,3,2,1,1,2,3,4,3,1,2,secondary school
531,5,3,3,5,2,3,3,5,2,1,1,1,1,1,1,4,3,1,1,secondary school
532,5,4,2,5,4,5,2,2,5,4,3,1,2,3,5,5,2,1,1,secondary school
533,5,3,4,2,1,3,3,4,4,2,1,2,4,5,3,3,4,4,2,secondary school
534,5,3,3,1,2,2,2,3,5,2,3,2,2,3,5,5,3,3,2,college/bachelor degree
535,5,3,3,3,1,3,3,4,3,1,1,4,4,4,3,NA,4,2,2,secondary school
536,5,1,3,3,4,4,4,5,5,3,4,4,3,4,5,1,4,4,1,secondary school
537,5,5,2,1,1,1,2,4,2,2,1,5,3,1,1,1,3,5,1,college/bachelor degree
538,5,3,3,2,1,4,3,3,4,1,3,3,3,1,3,5,1,2,3,masters degree
539,5,3,3,2,1,3,3,4,4,4,4,4,2,1,3,3,3,3,2,secondary school
540,5,3,3,2,2,5,1,4,5,4,1,1,1,1,3,4,1,1,4,college/bachelor degree
541,5,3,3,5,1,5,5,5,5,1,2,4,4,2,5,3,3,3,5,secondary school
542,5,4,3,2,2,2,3,3,2,2,2,4,3,2,2,2,3,1,1,secondary school
543,5,3,5,2,1,2,2,4,4,3,5,5,5,4,3,5,4,2,2,masters degree
544,5,4,4,1,1,4,2,4,4,4,3,3,2,5,4,4,4,4,2,masters degree
545,5,4,2,3,1,4,5,2,5,4,3,2,2,2,4,5,3,1,3,masters degree
546,5,3,3,3,3,3,1,3,3,3,3,3,3,3,3,3,1,3,1,secondary school
547,5,3,3,2,2,5,5,4,5,3,3,2,5,5,5,4,5,1,5,masters degree
548,5,4,1,4,2,5,3,1,4,5,2,2,2,1,4,3,1,1,5,secondary school
549,4,3,1,3,3,3,1,2,5,1,2,1,2,1,4,4,1,1,1,secondary school
550,5,4,5,1,2,2,3,5,3,1,1,5,3,3,1,2,4,4,2,college/bachelor degree
551,5,3,2,5,4,3,3,3,5,2,2,1,3,3,5,4,2,1,2,primary school
552,5,4,3,3,3,2,2,4,2,1,1,1,1,1,1,1,2,1,2,secondary school
553,5,3,2,3,1,3,3,2,4,2,1,1,4,5,3,5,5,2,2,secondary school
554,3,3,4,4,2,2,2,3,2,1,1,3,1,1,1,3,2,3,2,secondary school
555,4,3,3,4,2,3,4,3,3,2,2,3,1,2,3,2,3,3,1,college/bachelor degree
556,5,5,5,3,1,1,2,5,1,1,2,4,5,3,1,2,4,2,1,college/bachelor degree
557,5,3,3,1,1,3,3,4,1,1,1,4,1,1,NA,1,1,2,1,secondary school
558,5,3,2,3,3,2,3,4,4,2,2,2,4,4,4,3,3,1,2,college/bachelor degree
559,NA,2,3,1,2,2,4,4,2,1,1,1,2,2,3,2,5,2,2,primary school
560,5,3,5,2,2,1,2,2,4,2,1,5,3,1,2,1,1,1,1,secondary school
561,5,5,4,3,3,4,3,4,3,4,4,4,4,3,4,3,4,2,3,currently a primary school pupil
562,5,3,4,3,3,4,2,4,4,1,3,5,3,4,4,2,4,4,3,secondary school
563,5,5,5,3,2,2,2,4,3,3,3,5,1,2,2,2,NA,1,1,currently a primary school pupil
564,5,4,4,1,3,3,1,4,5,2,3,5,3,1,3,3,1,2,1,secondary school
565,5,5,5,1,1,1,1,1,5,1,5,3,3,1,2,1,1,2,1,college/bachelor degree
566,5,3,5,2,2,2,3,4,2,1,2,2,2,2,2,2,2,3,3,primary school
567,5,3,3,2,2,2,3,2,2,1,1,4,3,1,2,1,3,2,1,secondary school
568,5,4,4,2,2,1,1,3,3,2,2,3,4,2,3,2,2,2,1,secondary school
569,5,4,5,2,1,2,1,5,3,1,1,3,1,1,1,3,3,3,1,college/bachelor degree
570,5,3,4,4,2,3,2,3,3,2,2,2,3,1,2,3,3,2,1,college/bachelor degree
571,5,3,3,1,1,2,1,3,3,1,2,2,1,1,3,2,2,1,1,secondary school
572,3,5,4,2,1,2,3,4,1,3,2,5,3,2,1,1,NA,4,1,currently a primary school pupil
573,5,3,3,1,1,4,3,3,3,3,1,2,2,1,2,1,1,1,2,college/bachelor degree
574,4,3,3,1,1,1,1,2,4,3,3,3,1,1,3,4,1,4,1,primary school
575,5,5,5,3,1,1,3,3,3,1,1,3,2,1,1,2,2,5,1,secondary school
576,5,4,3,4,3,4,4,2,4,2,3,2,2,3,3,4,5,2,2,secondary school
577,5,3,3,2,4,3,5,3,3,1,2,5,5,2,2,2,2,3,2,secondary school
578,5,4,4,2,1,2,5,3,3,1,1,1,1,1,1,1,2,2,1,secondary school
579,5,3,3,2,3,2,4,5,2,1,1,4,3,2,4,3,4,1,2,secondary school
580,5,3,4,3,2,5,2,5,5,4,3,3,2,5,5,3,2,5,1,college/bachelor degree
581,5,3,1,1,1,1,1,1,1,1,1,5,3,2,2,2,1,3,1,secondary school
582,5,4,2,2,1,1,4,3,4,3,4,4,5,3,2,5,2,5,1,secondary school
583,3,3,4,3,1,3,3,2,3,2,1,4,4,4,3,3,3,4,2,college/bachelor degree
584,5,4,2,1,1,3,4,5,4,1,1,5,3,4,4,2,3,1,1,college/bachelor degree
585,5,3,4,3,3,2,2,5,3,1,1,2,3,3,3,1,4,4,2,masters degree
586,5,3,3,3,3,3,2,3,4,3,1,3,2,4,4,3,4,4,2,secondary school
587,5,5,5,3,4,4,3,2,3,4,2,1,3,2,1,5,3,5,1,college/bachelor degree
588,5,3,2,1,1,1,1,2,4,4,5,3,4,1,3,2,1,2,1,primary school
589,5,3,4,1,1,2,5,2,1,1,1,4,1,1,2,1,5,1,2,secondary school
590,5,4,1,1,1,3,4,1,5,5,5,1,2,1,5,3,2,2,2,primary school
591,5,3,3,2,3,3,4,3,5,4,3,1,4,4,5,3,4,1,2,masters degree
592,4,3,3,3,2,1,5,4,1,1,1,4,2,4,2,2,5,1,2,college/bachelor degree
593,5,3,3,3,1,3,3,4,1,1,1,4,2,2,2,2,5,4,1,secondary school
594,5,3,2,3,1,4,3,2,5,3,2,2,4,3,3,4,4,1,2,secondary school
595,5,3,2,3,1,5,1,3,4,1,4,2,2,4,1,5,1,1,3,college/bachelor degree
596,5,5,1,1,1,1,3,1,4,4,5,1,4,1,2,1,1,1,1,primary school
597,5,3,4,1,1,2,1,4,3,1,1,4,4,2,2,2,2,5,1,primary school
598,5,4,4,2,2,2,2,5,5,2,3,4,2,2,4,3,3,3,2,secondary school
599,4,3,4,2,3,2,1,3,4,2,4,4,3,3,3,2,5,3,2,secondary school
600,5,4,5,3,4,2,2,5,4,3,3,4,4,2,4,4,2,3,1,secondary school
601,5,3,2,1,1,5,3,4,4,4,3,5,5,2,2,4,1,4,1,secondary school
602,5,3,1,4,3,4,3,2,4,1,2,1,1,4,5,5,4,1,2,secondary school
603,4,4,4,2,3,2,2,5,4,4,2,3,1,4,4,3,3,3,1,secondary school
604,5,4,3,2,2,3,4,4,4,2,2,5,3,4,2,4,4,4,2,secondary school
605,5,3,3,2,2,1,3,4,4,1,5,4,4,2,2,5,2,1,1,secondary school
606,5,3,1,5,5,2,3,3,5,3,4,1,3,3,4,1,1,1,2,college/bachelor degree
607,4,3,3,2,1,2,2,5,4,1,2,2,1,2,3,2,2,1,2,secondary school
608,3,3,3,1,3,3,3,4,3,3,3,1,3,3,4,1,4,1,2,secondary school
609,3,4,2,4,2,4,2,5,1,NA,4,4,4,4,4,4,4,1,5,secondary school
610,4,3,3,2,2,5,2,3,3,2,2,5,2,3,2,3,2,4,3,currently a primary school pupil
611,5,4,3,2,2,3,2,4,5,4,2,2,2,4,5,4,2,3,2,secondary school
612,5,3,3,2,1,1,1,5,3,1,1,3,2,1,2,1,1,3,1,secondary school
613,5,3,5,1,1,3,2,3,4,3,3,4,4,3,2,3,5,5,3,secondary school
614,5,2,3,2,2,2,1,3,4,3,1,5,2,4,3,4,4,3,1,secondary school
615,5,3,4,1,1,3,2,4,4,1,1,1,4,5,3,1,2,5,1,secondary school
616,5,3,3,3,1,5,4,4,5,2,3,2,2,5,3,5,3,3,2,secondary school
617,3,3,4,1,5,4,1,3,5,3,2,1,4,3,5,1,4,4,1,secondary school
618,5,3,3,2,4,5,5,3,4,1,1,1,2,2,1,1,5,1,5,secondary school
619,5,5,5,4,2,5,5,5,5,1,1,5,5,5,1,3,5,1,5,college/bachelor degree
620,5,1,3,3,1,5,4,3,3,2,2,3,2,3,3,2,3,2,5,secondary school
621,5,3,2,1,1,5,2,4,4,1,3,4,1,1,3,3,2,2,1,secondary school
622,4,1,4,1,2,2,2,1,3,4,1,1,1,1,2,5,2,5,1,secondary school
623,5,3,5,4,4,5,5,5,4,2,4,3,4,4,5,3,3,4,3,primary school
624,5,4,2,3,3,1,1,1,2,2,3,5,4,3,2,1,1,1,1,secondary school
625,5,2,3,1,2,1,2,5,5,2,1,4,2,2,4,1,2,1,1,secondary school
626,5,4,5,3,2,3,3,5,2,1,3,4,1,2,4,3,5,2,1,secondary school
627,5,3,4,2,2,1,1,3,3,2,1,4,4,4,2,2,3,4,2,secondary school
628,5,5,4,4,3,1,4,2,1,1,1,1,2,3,3,4,3,2,1,college/bachelor degree
629,4,4,3,1,1,2,2,3,5,5,5,4,4,3,3,3,3,2,1,secondary school
630,5,3,5,3,2,2,2,4,4,1,1,5,3,2,2,2,5,3,2,college/bachelor degree
631,5,5,4,1,3,2,3,5,4,3,2,4,5,4,4,2,5,5,1,secondary school
632,5,3,5,2,1,4,5,4,5,3,2,2,2,3,2,3,5,3,3,secondary school
633,5,4,4,3,2,2,2,4,3,3,2,5,2,2,3,3,2,4,2,primary school
634,5,4,3,5,3,1,1,4,3,1,1,2,3,3,2,1,3,1,1,secondary school
635,5,3,3,4,2,4,4,4,3,2,2,4,3,4,3,4,3,2,3,secondary school
636,4,2,4,4,2,3,4,4,4,1,1,2,4,4,4,1,4,1,2,masters degree
637,5,3,3,5,4,3,3,4,4,1,4,5,5,3,5,5,5,3,4,doctorate degree
638,5,2,2,3,2,4,3,5,5,2,5,2,1,2,2,1,1,2,3,masters degree
639,5,3,3,3,2,2,5,5,5,3,5,4,4,3,4,3,3,1,3,secondary school
640,5,3,2,1,2,1,1,1,5,5,3,1,2,5,5,5,1,1,1,primary school
641,5,4,5,2,2,4,3,5,5,4,5,5,2,1,1,1,1,1,1,college/bachelor degree
642,5,3,3,3,3,3,3,4,3,2,2,5,4,3,3,3,3,3,3,secondary school
643,4,3,4,4,2,5,5,3,3,2,2,2,2,1,1,3,3,3,5,secondary school
644,5,3,4,2,1,NA,3,4,5,1,1,4,1,3,4,1,5,2,4,secondary school
645,4,5,3,3,2,2,2,5,4,2,2,4,4,2,2,1,3,1,2,primary school
646,5,4,4,2,1,4,4,3,2,1,1,4,2,3,2,4,4,5,3,secondary school
647,4,3,3,1,2,3,4,4,4,1,1,3,2,2,3,1,3,2,2,secondary school
648,5,3,3,1,3,5,4,5,3,1,1,5,2,4,5,3,5,1,1,secondary school
649,5,4,5,5,2,2,5,4,3,1,1,3,2,2,4,1,5,2,2,masters degree
650,5,3,5,2,2,2,2,3,3,3,3,4,4,4,4,3,3,2,2,currently a primary school pupil
651,5,3,4,1,1,1,2,4,2,1,1,4,2,1,2,1,2,3,1,secondary school
652,5,4,4,2,2,3,2,3,3,2,2,4,3,3,3,3,4,4,3,secondary school
653,4,3,3,2,1,3,1,5,4,1,1,1,1,1,2,1,2,1,1,secondary school
654,5,3,3,2,2,3,2,3,5,5,2,1,3,4,5,2,4,1,4,college/bachelor degree
655,4,3,4,3,2,3,2,5,3,2,1,3,2,2,2,2,4,3,2,secondary school
656,5,3,3,2,2,2,2,3,5,3,4,3,4,2,3,3,2,4,1,secondary school
657,5,3,2,2,2,4,2,2,5,3,3,2,1,4,4,3,1,1,4,secondary school
658,5,3,4,1,1,1,3,5,3,1,2,4,2,1,2,2,2,1,1,college/bachelor degree
659,5,3,5,2,2,3,2,2,2,2,1,5,2,3,2,3,2,4,1,secondary school
660,5,2,2,1,1,3,3,4,5,4,4,2,1,3,3,5,2,1,2,secondary school
661,5,3,2,2,1,3,1,4,5,3,4,3,5,4,3,3,2,1,2,college/bachelor degree
662,5,4,3,1,1,2,3,3,1,1,1,2,1,1,1,1,1,2,1,secondary school
663,5,4,3,2,2,1,3,4,4,1,1,3,4,1,3,1,1,2,2,secondary school
664,5,3,3,3,2,4,3,NA,3,4,5,3,4,3,3,4,3,2,2,masters degree
665,5,2,3,4,4,3,4,1,2,1,1,1,2,3,4,3,5,1,3,masters degree
666,5,3,1,2,1,3,1,2,5,5,5,5,5,3,5,5,3,4,4,secondary school
667,5,3,2,1,2,2,2,2,5,3,2,1,1,1,4,5,1,1,1,secondary school
668,5,3,2,1,1,5,3,1,2,1,3,5,4,4,1,2,2,1,2,secondary school
669,5,3,1,2,3,4,2,2,5,5,1,2,2,4,5,5,4,1,2,doctorate degree
670,4,3,4,2,3,3,4,3,3,3,4,4,3,3,3,4,4,4,2,college/bachelor degree
671,5,3,3,2,2,2,3,3,3,3,1,2,3,3,2,2,5,2,2,secondary school
672,5,3,3,3,3,2,3,3,3,1,1,4,4,4,4,4,4,4,3,college/bachelor degree
673,3,1,2,4,2,5,5,4,4,2,2,1,1,3,2,3,3,1,5,masters degree
674,4,3,2,2,1,3,4,5,4,2,1,3,2,4,4,3,4,1,4,secondary school
675,5,4,3,3,1,3,1,3,5,3,3,4,1,1,3,1,3,1,1,college/bachelor degree
676,5,3,3,3,3,3,5,5,4,2,1,2,2,2,3,1,3,3,2,secondary school
677,5,4,2,2,1,2,2,1,2,2,1,2,1,2,1,5,2,2,2,college/bachelor degree
678,4,3,3,2,1,3,3,4,3,2,3,3,3,2,3,1,4,1,1,secondary school
679,5,3,2,3,3,3,3,2,5,5,4,1,5,3,4,4,4,1,5,college/bachelor degree
680,5,3,2,2,1,2,2,1,5,2,5,3,5,4,5,5,2,3,1,secondary school
681,5,4,4,3,4,2,4,5,5,2,3,5,5,2,5,2,5,5,1,college/bachelor degree
682,5,5,4,3,2,4,4,3,5,5,4,4,5,4,3,4,4,4,4,masters degree
683,4,4,4,2,3,3,3,4,4,3,4,3,4,3,4,3,2,5,2,secondary school
684,5,3,2,5,5,3,3,5,5,4,3,3,3,3,5,1,5,1,1,secondary school
685,5,5,5,1,1,2,3,5,4,1,2,4,2,2,3,2,4,1,1,secondary school
686,5,3,3,2,3,3,4,4,3,2,3,4,3,4,4,1,4,3,2,secondary school
687,2,4,4,4,4,4,3,4,4,3,3,3,3,3,3,3,3,3,3,college/bachelor degree
688,5,3,3,1,2,3,3,3,5,4,4,5,NA,3,5,3,2,1,1,college/bachelor degree
689,5,4,4,3,1,3,4,4,5,1,5,3,1,1,2,1,4,1,1,secondary school
690,5,3,3,1,2,2,1,4,4,1,2,4,2,2,2,2,4,3,2,secondary school
691,5,4,4,1,2,3,2,2,4,1,3,3,3,3,4,4,3,3,2,secondary school
692,5,3,4,2,2,2,3,3,4,4,2,4,2,4,5,5,4,2,2,college/bachelor degree
693,5,3,2,3,3,3,3,4,5,5,4,4,3,4,4,4,2,2,2,college/bachelor degree
694,5,3,3,2,2,3,2,4,3,2,1,4,3,3,3,3,4,4,1,secondary school
695,5,3,3,3,4,5,2,3,5,4,2,3,3,5,5,1,5,4,3,college/bachelor degree
696,5,4,4,2,2,3,5,5,4,2,2,5,3,4,4,4,4,3,4,college/bachelor degree
697,5,3,3,5,3,1,5,5,3,1,1,3,1,3,NA,1,3,3,1,primary school
698,5,3,3,1,1,3,3,4,5,3,5,3,1,1,2,2,3,1,2,secondary school
699,5,5,5,4,1,3,3,5,3,1,1,5,5,3,2,2,5,2,2,secondary school
700,5,3,4,3,1,2,3,5,3,1,2,3,3,2,2,1,5,2,1,secondary school
701,5,3,3,3,2,1,1,1,4,2,1,4,2,1,2,1,4,1,1,college/bachelor degree
702,5,5,5,4,3,4,2,2,2,1,1,2,2,3,3,2,3,5,4,college/bachelor degree
703,5,2,1,3,3,5,2,4,5,5,2,1,1,2,3,3,3,1,4,secondary school
704,4,3,3,3,3,3,2,3,4,4,4,3,5,3,3,3,3,1,2,secondary school
705,5,3,4,2,1,2,4,5,5,1,2,4,5,2,4,3,5,2,1,secondary school
706,5,4,5,1,2,4,3,3,5,3,4,3,5,4,4,5,3,3,2,college/bachelor degree
707,5,3,4,2,3,3,4,5,4,2,1,4,3,2,1,3,2,3,2,secondary school
708,5,3,2,2,1,3,4,3,4,5,2,2,2,2,3,4,2,2,4,secondary school
709,5,4,2,1,1,2,3,5,3,1,1,5,4,1,1,4,1,4,1,secondary school
710,5,3,3,2,2,2,2,3,5,5,3,4,3,4,4,5,4,2,2,college/bachelor degree
711,4,4,4,3,3,2,2,5,4,1,2,4,5,3,2,2,2,1,1,secondary school
712,4,3,3,3,4,2,2,4,4,2,3,2,4,2,4,1,4,1,1,secondary school
713,5,3,2,2,2,2,4,4,3,1,1,1,1,3,2,2,4,1,3,secondary school
714,5,3,3,4,4,3,3,3,4,1,5,4,5,5,5,5,4,2,2,college/bachelor degree
715,5,3,5,3,3,1,3,3,5,1,1,4,5,1,3,3,3,3,1,masters degree
716,4,3,2,3,3,3,4,2,5,5,4,1,4,3,3,2,3,1,3,secondary school
717,5,3,2,4,5,5,3,2,3,2,1,4,5,3,3,2,2,3,3,secondary school
718,5,3,1,1,1,4,3,4,4,2,1,1,1,3,3,3,1,1,1,primary school
719,5,4,3,2,2,4,3,5,5,4,5,2,3,5,3,3,2,NA,4,secondary school
720,4,3,3,1,3,3,1,5,3,3,2,2,3,2,2,2,2,3,1,secondary school
721,4,3,4,2,1,5,3,3,2,4,2,4,4,5,3,5,4,2,4,secondary school
722,5,3,3,5,1,5,3,4,4,1,1,1,1,3,3,4,3,1,2,college/bachelor degree
723,5,3,3,3,2,5,3,5,5,2,2,4,3,5,4,5,5,2,2,college/bachelor degree
724,5,3,4,2,3,3,4,5,4,1,1,2,1,4,3,2,2,1,2,secondary school
725,4,3,5,3,3,2,5,5,3,2,2,3,3,3,4,2,5,2,3,primary school
726,5,4,4,2,2,4,1,4,2,1,1,4,1,4,2,4,3,3,1,secondary school
727,5,3,2,4,2,1,1,5,2,1,1,5,5,3,2,1,2,4,1,secondary school
728,5,2,2,1,3,1,1,5,5,3,3,2,2,3,3,1,5,5,1,secondary school
729,5,4,5,1,3,2,5,5,2,1,1,5,2,2,3,3,2,3,1,primary school
730,5,3,2,2,2,5,4,4,5,4,3,4,4,3,5,4,3,3,3,secondary school
731,5,4,1,2,1,3,3,1,5,5,5,3,3,4,2,4,1,1,2,primary school
732,5,3,3,2,2,3,2,4,4,1,2,4,3,4,4,5,3,2,2,college/bachelor degree
733,5,4,2,1,1,4,2,3,3,2,2,4,3,4,3,2,3,2,2,secondary school
734,4,3,3,5,5,5,4,3,4,2,1,1,4,4,4,3,5,1,4,college/bachelor degree
735,5,3,3,4,5,5,5,3,2,2,1,1,2,3,3,2,4,1,5,secondary school
736,2,1,1,3,2,4,2,1,1,1,1,1,1,1,2,1,1,1,3,masters degree
737,4,3,5,2,4,5,5,4,5,4,3,2,2,4,5,2,5,2,4,college/bachelor degree
738,5,1,3,2,1,3,4,3,4,2,1,1,1,4,5,4,4,3,2,college/bachelor degree
739,5,5,4,1,1,1,1,3,5,4,2,5,1,1,4,1,1,NA,2,college/bachelor degree
740,5,5,3,3,4,4,4,4,5,5,3,1,2,2,5,2,3,3,4,college/bachelor degree
741,4,3,5,2,2,2,2,4,4,2,1,5,2,3,3,3,3,2,1,secondary school
742,5,3,3,5,1,5,3,3,3,1,1,1,2,5,4,4,4,1,5,secondary school
743,5,3,1,3,4,5,3,2,4,2,1,3,4,2,3,4,5,5,2,masters degree
744,2,3,2,2,2,2,2,2,4,4,4,3,3,3,3,4,2,1,1,college/bachelor degree
745,5,4,2,3,NA,5,4,2,5,4,5,1,3,3,5,5,NA,NA,3,secondary school
746,5,3,3,4,3,2,2,3,4,2,2,1,3,2,3,2,NA,5,2,college/bachelor degree
747,5,3,3,1,2,3,3,4,5,2,3,1,NA,3,4,4,4,2,2,secondary school
748,5,3,4,3,1,5,4,4,2,4,3,5,4,5,2,5,3,3,5,secondary school
749,5,3,3,3,3,5,4,3,4,4,5,3,3,3,3,3,3,3,3,currently a primary school pupil
750,5,3,2,4,4,1,1,1,5,3,3,1,1,3,5,5,1,1,1,secondary school
751,5,3,5,5,2,5,3,3,3,1,1,5,1,5,4,5,5,1,4,college/bachelor degree
752,5,3,2,4,1,5,5,5,5,3,4,1,2,3,3,3,4,2,5,secondary school
753,5,4,5,2,1,3,4,5,3,1,3,4,2,4,2,2,5,4,2,college/bachelor degree
754,5,3,3,2,2,4,3,3,4,2,2,1,3,2,5,5,3,1,2,secondary school
755,4,4,2,1,3,2,1,4,3,2,3,4,3,3,3,2,4,3,3,college/bachelor degree
756,5,3,2,2,3,3,3,3,5,5,4,1,4,4,5,2,3,1,1,masters degree
757,5,4,3,NA,4,NA,3,4,5,5,5,2,5,3,4,4,3,4,2,secondary school
758,5,3,5,3,3,5,5,2,3,1,2,5,5,5,3,2,5,5,3,college/bachelor degree
759,5,5,4,1,1,2,1,3,1,1,1,3,1,1,2,2,1,5,1,college/bachelor degree
760,5,3,5,4,3,5,5,5,4,3,3,3,3,4,5,4,4,2,5,secondary school
761,5,3,5,2,2,2,2,5,5,4,4,2,3,2,4,4,2,3,2,college/bachelor degree
762,5,4,3,1,1,1,1,4,1,1,2,5,5,1,1,3,1,2,1,secondary school
763,5,3,4,1,1,1,1,3,3,1,3,4,5,1,3,5,1,3,1,college/bachelor degree
764,5,3,3,2,1,3,3,3,5,3,5,1,1,3,3,4,1,3,3,college/bachelor degree
765,5,2,3,1,2,3,4,5,3,1,2,2,2,3,3,2,4,1,3,college/bachelor degree
766,5,3,2,1,2,4,3,4,5,5,5,2,2,3,5,4,2,2,1,secondary school
767,5,5,5,5,5,4,4,4,4,5,4,4,4,4,5,3,4,4,4,secondary school
768,1,1,2,3,4,3,3,2,2,5,2,2,2,3,4,4,3,2,3,masters degree
769,4,3,3,1,2,3,1,4,3,2,2,5,3,3,3,3,3,3,1,masters degree
770,3,3,3,3,3,3,3,3,3,3,3,3,3,3,3,3,3,3,3,secondary school
771,1,1,1,1,1,1,1,1,1,1,1,1,1,1,1,1,1,1,1,college/bachelor degree
772,5,2,2,4,4,4,2,3,5,5,4,2,3,2,3,2,2,1,4,secondary school
773,5,4,3,1,2,4,3,4,2,1,1,4,1,1,4,2,4,1,2,secondary school
774,5,4,4,2,2,2,2,3,5,5,3,4,3,5,4,4,4,2,2,college/bachelor degree
775,3,3,2,1,1,4,3,2,2,1,1,2,2,3,3,2,3,1,4,secondary school
776,5,3,2,1,1,4,3,3,4,1,2,4,2,2,3,4,4,5,4,college/bachelor degree
777,5,3,NA,5,1,3,3,4,5,1,1,3,1,3,5,2,5,5,3,masters degree
778,5,5,3,1,2,3,2,5,3,1,1,5,3,3,3,3,3,3,2,secondary school
779,5,3,2,1,1,1,3,5,2,1,1,3,2,1,2,1,1,1,1,secondary school
780,5,3,3,3,4,4,4,3,3,2,2,4,2,5,3,4,2,3,3,secondary school
781,5,3,3,1,2,2,3,4,4,1,2,3,3,3,3,2,4,4,2,secondary school
782,4,2,4,1,2,3,2,3,3,1,1,1,1,4,4,1,3,2,3,secondary school
783,5,3,2,3,4,4,4,3,5,5,5,2,5,5,5,5,4,2,3,secondary school
784,5,3,2,5,2,4,5,4,5,4,1,2,3,3,3,2,3,4,3,secondary school
785,4,3,4,3,1,4,4,4,3,1,1,3,3,5,2,2,3,4,3,secondary school
786,4,4,3,3,3,3,4,5,2,3,3,4,3,3,2,3,3,1,3,college/bachelor degree
787,5,3,3,2,2,4,3,4,5,4,1,2,2,5,5,4,4,3,2,secondary school
788,5,3,2,2,1,2,4,5,2,2,1,5,3,2,3,3,3,3,1,primary school
789,5,3,2,1,2,3,3,4,3,2,3,4,4,2,2,4,3,1,2,primary school
790,5,5,4,3,3,5,3,5,4,1,2,4,1,1,1,3,3,4,4,college/bachelor degree
791,5,5,3,2,2,4,1,2,5,5,4,2,1,1,5,5,1,4,1,secondary school
792,5,3,3,1,1,3,1,3,2,1,1,4,3,5,3,4,3,3,2,secondary school
793,5,4,3,2,2,3,1,3,4,3,2,4,3,3,1,1,3,3,1,masters degree
794,2,3,3,1,2,3,3,3,2,4,2,5,3,4,3,3,4,4,2,doctorate degree
795,4,5,3,1,1,1,1,5,2,1,1,5,1,1,1,1,1,1,1,secondary school
796,5,1,5,1,5,1,5,1,5,1,5,1,5,1,5,1,5,1,5,secondary school
797,3,5,3,2,2,4,3,5,1,4,3,4,4,2,4,3,4,2,3,doctorate degree
798,5,1,5,1,2,3,4,2,2,1,1,5,2,2,2,2,1,3,1,secondary school
799,5,3,3,2,1,4,3,4,5,3,3,3,3,2,2,3,2,2,2,secondary school
800,5,3,1,2,3,4,5,2,4,5,4,1,1,2,4,4,2,2,4,secondary school
801,5,3,4,1,1,2,4,4,3,1,4,4,1,1,3,1,1,1,1,secondary school
802,4,5,5,1,1,1,1,4,5,3,2,1,1,1,5,3,1,4,1,secondary school
803,5,5,5,3,2,2,2,5,4,4,3,5,3,1,3,3,2,4,2,secondary school
804,5,5,2,1,1,2,4,3,5,4,5,1,1,2,3,2,1,1,2,secondary school
805,5,1,4,1,1,4,4,5,5,3,4,4,4,4,4,2,2,2,2,secondary school
806,5,4,4,3,1,3,5,5,5,5,5,3,4,2,5,4,3,3,3,primary school
807,1,1,1,1,1,1,1,1,1,1,1,1,1,1,1,1,1,1,1,secondary school
808,3,3,1,3,3,5,5,3,2,2,2,1,1,1,3,1,1,1,4,secondary school
809,5,4,3,1,2,3,2,5,5,3,4,3,2,1,2,2,2,3,1,college/bachelor degree
810,4,3,4,1,1,2,1,2,2,2,1,4,1,1,3,1,1,1,1,secondary school
811,5,3,2,3,4,5,5,1,5,5,3,1,3,4,5,4,2,1,5,college/bachelor degree
812,5,3,2,3,3,4,2,3,5,4,4,3,2,3,4,4,2,1,4,secondary school
813,5,4,1,1,1,1,1,1,1,1,1,2,1,1,2,1,1,1,1,secondary school
814,5,4,2,1,1,1,1,2,2,3,1,2,1,1,3,1,1,1,1,secondary school
815,5,4,4,3,1,5,4,4,3,2,3,5,4,3,NA,1,2,5,4,secondary school
816,5,5,2,3,4,3,1,2,5,5,3,5,4,4,5,2,4,2,2,secondary school
817,5,4,3,3,1,4,3,4,5,5,5,4,4,5,5,5,4,3,2,secondary school
818,3,4,1,1,1,1,2,5,5,2,2,5,4,4,5,1,1,1,2,primary school
819,4,4,3,3,1,4,1,4,4,4,3,2,1,1,3,3,1,4,1,secondary school
820,5,5,3,1,2,2,1,4,2,1,2,3,2,1,1,2,5,2,1,secondary school
821,5,3,2,2,2,4,5,3,5,2,2,4,4,4,4,5,3,1,4,secondary school
822,5,3,2,2,2,5,4,4,5,5,5,1,3,4,5,5,2,1,4,secondary school
823,5,4,3,1,1,2,3,5,4,1,3,5,4,3,3,3,4,1,2,secondary school
824,5,2,3,2,2,3,1,3,2,1,1,5,2,2,1,3,3,3,1,secondary school
825,5,3,1,1,2,5,1,3,5,3,2,1,3,2,5,3,2,1,5,college/bachelor degree
826,4,3,1,3,1,4,2,2,5,4,2,1,2,2,2,4,2,1,2,college/bachelor degree
827,5,3,3,3,1,4,4,4,5,3,3,3,3,5,5,3,4,1,4,secondary school
828,5,3,3,4,3,4,5,4,5,3,3,2,4,3,5,5,2,1,2,secondary school
829,1,3,4,1,2,1,2,4,5,3,4,5,2,1,3,3,4,4,1,college/bachelor degree
830,5,3,1,2,2,5,4,3,5,5,4,3,2,4,4,4,2,1,3,college/bachelor degree
831,5,3,4,2,1,3,2,4,3,1,1,5,4,4,3,3,5,2,3,secondary school
832,5,NA,4,2,4,4,4,5,4,3,4,5,4,4,5,3,4,3,4,NA
833,5,3,3,4,5,5,5,2,5,3,4,1,4,4,5,3,4,1,5,secondary school
834,3,3,2,1,1,4,3,3,4,1,1,1,1,5,3,5,2,2,4,secondary school
835,4,3,4,3,2,4,4,3,5,4,2,2,2,2,3,2,2,2,3,secondary school
836,4,3,3,2,2,2,3,5,4,1,1,1,4,3,3,3,3,1,1,secondary school
837,5,3,2,1,1,2,3,4,5,5,5,4,3,5,4,3,1,1,3,secondary school
838,5,3,4,3,2,5,3,2,5,5,4,2,4,5,5,4,5,1,3,secondary school
839,5,5,4,1,1,1,2,5,4,1,1,4,5,3,4,4,4,2,1,college/bachelor degree
840,4,3,4,2,1,2,4,4,3,1,2,3,3,3,4,4,4,1,2,masters degree
841,5,4,2,3,3,1,4,5,5,1,1,4,3,3,2,2,4,1,2,college/bachelor degree
842,5,5,4,3,3,2,1,4,4,3,4,5,2,2,2,3,2,5,1,secondary school
843,NA,5,4,2,1,3,3,4,5,1,4,1,3,2,2,5,2,2,1,college/bachelor degree
844,5,4,4,2,3,3,3,4,4,2,2,5,3,2,2,1,3,3,2,secondary school
845,5,4,2,5,4,5,5,2,3,2,3,2,3,5,4,4,3,4,5,masters degree
846,4,4,3,1,1,1,3,5,1,1,1,4,2,2,1,1,3,1,1,secondary school
847,5,3,5,2,2,3,3,4,2,1,1,4,2,4,2,2,3,5,3,secondary school
848,5,2,3,4,2,5,5,5,5,2,2,1,4,4,5,5,2,1,4,secondary school
849,5,2,2,1,1,3,1,3,5,3,4,1,4,2,3,5,1,2,1,college/bachelor degree
850,3,2,1,4,4,5,3,2,2,1,1,1,2,4,2,1,3,1,5,college/bachelor degree
851,4,3,4,1,2,3,4,4,2,1,1,4,4,3,3,1,1,1,1,secondary school
852,5,5,3,1,1,2,2,2,2,1,2,5,3,2,2,2,2,5,1,college/bachelor degree
853,5,4,2,1,2,2,1,2,2,1,1,5,3,2,2,2,3,3,1,secondary school
854,5,3,4,4,2,3,4,3,3,1,1,2,3,2,2,2,3,1,4,masters degree
855,5,2,4,2,1,1,2,3,3,1,1,5,3,3,2,2,2,1,1,college/bachelor degree
856,5,4,5,3,3,3,2,5,4,3,4,5,4,2,3,2,4,4,2,college/bachelor degree
857,5,3,3,2,1,3,4,4,5,3,3,3,3,5,3,2,4,3,3,secondary school
858,5,4,4,2,3,3,5,4,3,1,2,2,3,3,3,4,2,5,2,secondary school
859,3,1,3,3,2,5,NA,2,3,3,1,1,5,5,5,3,1,1,1,secondary school
860,5,3,4,4,2,3,3,4,3,2,2,5,3,3,3,2,3,4,2,secondary school
861,5,3,4,3,3,3,3,3,4,4,3,4,3,3,1,3,2,5,3,secondary school
862,5,3,3,2,1,3,1,3,5,1,2,1,3,3,3,4,1,2,1,secondary school
863,5,4,4,2,2,3,2,5,4,3,1,4,3,4,2,3,5,4,2,college/bachelor degree
864,5,5,3,2,2,4,4,3,2,1,1,2,2,3,3,4,1,5,2,secondary school
865,5,3,3,2,3,3,4,3,5,4,4,4,3,3,4,4,2,3,3,secondary school
866,4,2,4,3,2,3,4,3,4,2,3,4,2,1,2,4,3,2,2,secondary school
867,4,3,2,3,3,4,4,2,5,4,4,3,4,2,4,4,1,1,3,college/bachelor degree
868,5,3,4,2,4,2,3,4,3,1,1,1,3,1,3,3,4,1,1,masters degree
869,5,4,3,4,3,2,4,4,NA,3,2,5,2,2,3,1,3,2,2,secondary school
870,5,3,2,1,2,5,4,4,5,3,3,2,1,3,5,5,2,1,1,secondary school
871,5,4,4,2,1,2,1,5,3,3,2,3,1,1,1,2,3,4,1,masters degree
872,5,3,3,2,1,4,3,3,5,4,2,2,3,4,5,4,2,3,3,college/bachelor degree
873,5,3,2,3,1,3,3,3,5,3,2,2,2,3,2,5,1,4,1,secondary school
874,4,4,4,2,2,3,3,3,4,2,1,3,3,3,3,3,2,4,3,secondary school
875,5,3,5,1,1,1,2,3,2,1,2,3,2,2,2,2,5,3,1,secondary school
876,5,3,3,1,1,1,NA,3,2,1,1,4,1,1,1,3,1,4,1,secondary school
877,5,3,3,1,2,3,1,4,1,1,1,5,5,4,4,1,3,3,1,secondary school
878,5,3,1,3,5,3,1,1,5,3,4,3,3,4,5,5,2,1,1,secondary school
879,4,2,2,2,2,4,5,4,4,2,2,5,4,4,4,3,2,4,3,secondary school
880,4,5,5,1,4,2,1,2,4,5,3,2,1,2,4,4,2,5,2,secondary school
881,5,3,5,1,2,1,2,3,2,1,3,4,2,2,2,1,5,4,1,secondary school
882,5,3,1,1,3,5,5,4,5,2,2,1,1,4,5,5,2,1,1,secondary school
883,5,4,4,1,1,2,1,2,4,3,5,3,2,2,3,2,1,4,1,primary school
884,5,3,3,1,1,2,3,4,3,1,1,2,3,4,3,3,4,3,1,secondary school
885,5,3,4,2,1,4,1,4,5,3,4,3,4,4,4,5,1,4,1,college/bachelor degree
886,3,4,3,2,2,2,3,4,4,4,1,5,4,2,3,1,1,3,1,secondary school
887,5,5,3,2,1,3,1,3,4,5,4,1,1,1,3,4,1,2,1,secondary school
888,4,3,3,2,4,NA,3,2,5,3,2,4,3,2,3,2,1,3,2,secondary school
889,5,3,3,2,1,2,2,4,4,3,2,2,1,2,4,2,5,2,2,college/bachelor degree
890,5,3,3,3,4,5,3,3,4,3,2,2,3,3,5,4,2,2,2,college/bachelor degree
891,5,3,5,1,2,3,2,4,3,1,1,4,2,2,3,1,1,4,1,secondary school
892,5,3,4,3,2,1,3,4,4,2,2,2,4,1,3,2,2,3,1,secondary school
893,5,3,3,3,2,2,3,3,5,3,2,3,2,2,3,1,2,1,2,secondary school
894,5,3,2,3,4,3,2,2,4,3,2,4,3,2,3,2,2,3,4,primary school
895,5,4,3,1,1,2,3,3,5,3,2,2,4,3,4,2,2,1,1,secondary school
896,4,4,4,2,3,2,2,3,3,1,NA,4,3,3,2,1,2,3,2,secondary school
897,5,3,2,3,4,3,4,2,5,3,3,1,2,4,4,4,3,1,2,college/bachelor degree
898,5,3,2,2,3,1,2,4,3,1,2,3,2,3,2,4,3,2,3,college/bachelor degree
899,5,3,2,2,1,3,2,2,5,2,3,1,3,5,5,5,3,1,1,masters degree
900,5,3,2,NA,2,2,1,3,3,2,2,5,3,3,1,3,1,1,1,secondary school
901,5,2,2,1,2,3,4,3,3,1,1,2,4,4,2,1,3,1,3,secondary school
902,4,3,1,2,2,2,2,3,3,1,2,1,2,3,3,2,2,1,2,secondary school
903,5,3,1,2,2,3,1,2,3,2,3,5,4,3,3,2,2,2,1,masters degree
904,5,5,2,4,3,2,1,1,5,5,4,2,3,5,4,4,3,1,1,college/bachelor degree
905,3,3,2,1,2,2,5,5,3,1,1,2,2,2,3,1,5,1,2,college/bachelor degree
906,5,3,4,3,3,2,2,4,4,1,3,5,3,3,3,2,2,3,2,college/bachelor degree
907,5,3,5,3,1,5,5,2,1,1,1,2,3,4,3,5,5,5,4,secondary school
908,5,4,4,3,2,2,3,5,3,2,3,3,3,2,2,1,3,1,1,secondary school
909,5,2,3,2,3,2,1,4,4,3,3,2,2,3,2,2,2,3,2,secondary school
910,5,3,4,3,2,3,4,4,3,2,3,4,4,2,5,3,2,2,3,masters degree
911,5,4,2,1,1,3,4,4,5,1,1,4,4,5,5,5,4,1,2,secondary school
912,5,3,2,2,1,4,5,3,5,5,4,1,1,3,4,5,4,1,5,college/bachelor degree
913,5,4,4,2,1,1,1,4,3,2,4,3,3,2,4,2,3,3,2,secondary school
914,5,3,4,4,2,4,3,3,4,1,3,1,2,4,4,4,2,3,4,secondary school
915,5,4,2,3,1,5,3,3,5,4,4,2,3,4,5,5,5,2,4,secondary school
916,4,4,5,2,3,1,3,4,4,3,1,4,2,2,3,3,3,4,1,primary school
917,4,3,2,2,1,3,1,3,5,4,4,1,3,3,5,4,1,1,1,secondary school
918,5,4,2,2,2,3,2,2,5,4,4,2,2,2,4,4,2,3,2,college/bachelor degree
919,4,3,2,2,1,2,4,4,5,5,5,3,4,NA,NA,2,4,1,3,secondary school
920,5,1,3,2,1,3,1,3,4,4,3,3,3,3,3,5,5,1,2,secondary school
921,4,4,3,3,3,3,5,3,4,3,3,2,3,3,5,1,3,1,3,secondary school
922,5,3,4,2,2,1,1,4,3,2,3,4,2,3,2,3,2,3,2,primary school
923,5,3,5,1,1,3,2,5,3,1,1,4,3,2,1,1,2,4,3,secondary school
924,5,4,2,2,1,5,2,4,4,2,5,3,1,4,5,5,2,3,3,college/bachelor degree
925,5,3,3,1,1,1,1,3,2,1,1,2,2,1,1,1,1,1,1,secondary school
926,5,3,4,3,3,2,4,3,2,1,1,3,NA,4,3,2,5,2,3,secondary school
927,5,3,3,2,2,2,2,2,4,3,3,1,2,2,2,5,2,1,2,secondary school
928,5,3,5,1,1,1,1,5,3,1,2,4,4,1,2,3,1,3,1,secondary school
929,5,3,4,2,2,5,3,4,3,2,2,4,4,2,4,3,4,3,3,secondary school
930,3,2,3,5,1,4,2,4,2,3,4,2,5,2,3,5,3,3,3,college/bachelor degree
931,5,3,3,2,1,2,3,3,2,2,3,5,3,1,1,1,3,3,2,primary school
932,5,3,4,2,2,1,3,4,3,4,3,2,3,2,3,1,2,2,3,secondary school
933,5,3,4,2,2,1,3,5,3,2,1,4,3,2,2,1,3,4,2,secondary school
934,5,3,2,2,3,5,4,3,4,2,3,1,4,5,5,4,3,1,2,secondary school
935,5,3,3,2,2,2,3,3,4,5,4,2,2,2,2,3,3,4,1,primary school
936,5,3,3,1,1,1,2,5,2,1,1,2,1,1,1,1,3,1,1,secondary school
937,4,3,2,3,2,3,1,4,3,4,4,2,3,4,3,2,3,3,2,secondary school
938,5,3,4,1,1,5,4,5,5,4,5,4,5,5,5,5,5,2,5,primary school
939,5,3,2,5,1,5,1,4,5,2,4,4,1,3,5,5,1,5,3,secondary school
940,4,3,4,1,4,5,3,4,4,1,2,1,2,3,4,3,4,4,2,secondary school
941,5,3,2,1,1,3,3,3,3,1,1,4,NA,5,2,2,1,5,1,primary school
942,5,3,3,2,1,2,2,4,4,3,3,4,5,4,4,4,3,1,1,primary school
943,5,2,5,3,2,4,1,4,2,1,2,1,3,5,3,3,3,5,2,college/bachelor degree
944,4,3,3,2,1,5,2,3,NA,1,4,4,4,4,3,3,3,2,2,secondary school
945,5,4,3,3,2,4,3,5,4,1,1,2,1,3,3,2,3,2,3,secondary school
946,5,2,5,2,3,3,3,4,4,4,4,5,4,2,4,3,4,1,3,secondary school
947,5,5,2,1,2,4,3,3,5,5,5,2,1,4,5,4,2,2,3,secondary school
948,5,3,3,1,1,2,1,3,3,3,2,4,3,2,1,2,1,1,1,secondary school
949,5,3,4,3,2,3,4,4,3,1,1,2,3,2,3,2,4,2,2,secondary school
950,5,3,3,2,3,1,2,3,4,3,3,2,3,3,3,2,3,2,1,secondary school
951,5,3,2,3,NA,4,2,4,5,5,5,4,4,3,4,2,2,3,3,currently a primary school pupil
952,4,3,4,1,1,1,1,4,3,2,2,4,5,3,5,4,1,5,1,masters degree
953,5,2,3,3,3,4,3,4,5,3,3,1,3,3,3,4,4,4,2,secondary school
954,5,3,3,1,3,3,3,5,4,1,4,4,4,4,4,3,5,1,1,secondary school
955,5,3,5,3,2,2,3,3,3,1,2,4,4,3,3,2,5,4,3,secondary school
956,5,3,2,1,2,1,1,2,5,5,5,1,3,1,3,1,3,1,1,secondary school
957,5,4,3,1,4,3,4,4,4,3,3,3,3,4,4,1,1,1,2,secondary school
958,5,4,2,1,1,1,2,2,2,1,1,5,1,2,1,1,2,2,1,secondary school
959,5,5,5,3,1,3,3,4,1,1,1,3,2,2,2,3,2,4,2,college/bachelor degree
960,4,3,3,2,3,4,4,4,3,2,4,2,5,4,5,4,3,1,2,masters degree
961,5,3,4,4,1,5,1,3,5,5,5,3,3,5,2,5,1,1,4,masters degree
962,5,3,4,4,1,3,4,5,3,1,1,5,4,3,2,3,4,4,3,secondary school
963,5,2,3,4,4,5,3,2,1,1,1,1,1,4,1,1,3,1,3,secondary school
964,4,4,4,3,3,5,1,5,4,1,1,3,1,4,1,1,2,4,4,secondary school
965,5,4,3,2,3,3,3,3,5,5,5,3,4,3,4,5,3,2,4,college/bachelor degree
966,5,5,5,3,3,3,5,5,5,2,4,1,3,2,5,2,5,4,3,primary school
967,5,5,1,1,1,5,5,1,1,1,1,1,3,4,1,5,5,1,5,college/bachelor degree
968,5,3,2,2,2,3,2,2,5,5,5,1,4,4,4,2,3,2,3,primary school
969,5,4,3,2,2,3,3,4,3,2,1,5,3,3,3,2,2,3,2,secondary school
970,5,3,2,1,2,3,2,4,5,4,3,2,2,3,4,3,2,1,1,college/bachelor degree
971,5,3,5,1,4,5,5,3,4,2,1,4,2,5,4,4,2,1,5,masters degree
972,5,4,2,4,3,4,2,2,5,4,4,1,4,3,4,3,2,3,2,secondary school
973,5,3,3,3,3,3,4,3,5,2,4,1,3,3,5,5,3,2,2,secondary school
974,5,3,2,5,5,4,5,2,5,5,5,1,4,5,2,3,1,1,3,secondary school
975,5,3,1,2,2,2,2,2,5,5,5,1,5,3,4,4,2,2,1,secondary school
976,5,3,5,5,5,5,5,5,5,5,5,5,5,5,5,5,5,5,5,secondary school
977,5,3,4,2,3,3,5,5,5,2,2,3,4,4,4,2,5,2,3,secondary school
978,5,4,4,2,2,1,1,4,4,3,2,4,2,1,2,3,2,4,1,secondary school
979,5,2,2,1,2,2,1,4,5,5,3,2,3,5,5,3,3,1,2,college/bachelor degree
980,5,3,4,2,2,4,4,5,5,1,1,3,2,4,4,1,4,2,3,secondary school
981,5,3,2,2,2,5,1,4,4,4,2,1,3,5,4,1,4,1,4,secondary school
982,5,4,1,2,4,5,5,3,4,1,1,1,2,3,4,5,2,1,2,secondary school
983,5,4,2,1,1,3,2,2,4,3,2,2,4,3,4,5,1,1,2,secondary school
984,5,4,3,1,1,3,3,5,3,1,1,4,4,2,3,3,4,2,1,secondary school
985,5,2,1,3,2,3,3,3,4,4,3,1,2,1,4,3,3,1,1,secondary school
986,5,2,1,3,2,4,2,4,5,3,3,1,4,2,3,5,2,1,2,secondary school
987,4,3,2,5,3,5,2,2,4,2,4,3,3,4,4,4,2,4,4,secondary school
988,4,3,2,2,3,2,1,1,5,3,2,NA,3,3,3,4,2,1,1,secondary school
989,5,2,3,2,2,5,2,2,5,2,4,3,5,5,5,5,5,NA,3,secondary school
990,5,5,3,2,2,4,5,5,5,5,1,5,2,3,3,3,5,5,3,masters degree
991,5,4,2,1,1,2,2,3,4,4,1,1,1,2,3,1,2,1,2,secondary school
992,5,5,2,1,1,1,1,1,5,5,4,5,2,1,4,2,1,2,1,secondary school
993,4,4,4,1,4,4,1,3,4,4,3,2,3,2,1,1,2,5,2,masters degree
994,5,3,3,1,2,3,1,4,4,1,1,4,1,1,1,4,1,2,1,secondary school
995,5,4,3,2,2,3,4,3,5,3,4,2,4,3,5,3,1,1,1,secondary school
996,5,4,2,1,1,1,2,1,4,4,3,3,2,1,1,2,2,5,1,secondary school
997,5,3,1,1,1,3,2,1,4,3,1,4,4,2,3,3,1,1,1,secondary school
998,5,4,3,3,3,1,3,3,4,2,4,2,4,1,1,2,4,1,1,secondary school
999,5,4,4,3,1,3,2,3,5,5,4,3,2,1,5,3,3,5,2,masters degree
1000,5,5,5,3,4,5,4,4,4,3,NA,5,5,5,5,5,5,5,3,secondary school
1001,5,3,3,3,2,3,3,4,3,1,1,5,3,2,3,3,3,3,1,primary school
1002,5,5,5,1,2,1,4,4,3,2,4,4,3,1,4,1,2,3,1,primary school
1003,5,5,3,1,3,1,1,2,5,5,3,1,4,2,2,4,1,3,1,secondary school
1004,4,3,4,3,2,2,3,4,5,2,3,2,4,4,4,2,4,4,2,secondary school
1005,5,3,4,1,2,3,2,3,3,4,3,5,4,2,3,2,2,5,3,secondary school
1006,5,2,5,2,2,5,4,4,4,3,2,4,1,5,4,4,3,3,2,secondary school
1007,4,4,5,1,3,4,1,4,1,1,4,1,1,2,3,1,3,4,1,masters degree
1008,4,3,1,1,2,2,2,3,4,1,2,3,3,2,2,5,1,1,1,secondary school
1009,5,3,3,3,1,3,1,3,4,1,1,2,2,3,2,5,2,2,1,college/bachelor degree
1010,5,5,4,3,2,3,3,4,1,1,2,3,1,1,3,2,2,3,1,secondary school